symbol,num_trades,total_pnl,avg_pnl_per_trade,first_entry_date,last_exit_date,years_active,cagr_pct
LIQUIDBEES,45,0.3000130001297284,0.00666695555843841,2025-11-14,2026-07-22,0.6844626967830253,0.004383220242809571
LTGILTCASE,28,-136.60906298007018,-4.878895106431078,2025-11-27,2026-05-29,0.5010266940451745,-2.7080347129919247
GILT10BETA,24,-631.9671600091888,-26.331965000382866,2025-12-10,2026-06-01,0.4736481861738535,-12.875142767471937
LIQUIDIETF,21,-0.9000090000903191,-0.04285757143287234,2025-12-03,2026-06-24,0.5557837097878165,-0.016192929251512833
EBBETF0430,19,15.692685927429643,0.8259308382857707,2025-11-17,2026-05-22,0.5092402464065708,0.30839180503137165
LICNETFGSC,18,-118.89770348798996,-6.605427971554998,2025-12-15,2026-06-05,0.47091033538672145,-2.5079919576630916
NKIND,17,1522.1826230836616,89.54015429903892,2025-12-05,2026-07-21,0.6242299794661191,25.480735947760103
NV20IETF,16,796.9695796078616,49.81059872549135,2026-01-05,2026-07-02,0.487337440109514,17.040004714930788
CREATIVEYE,15,821.3374049566689,54.755826997111264,2025-11-18,2026-06-16,0.5749486652977412,14.716092739616293
BANARISUG,15,133.94850000174762,8.929900000116508,2026-01-07,2026-03-30,0.2245037645448323,6.1059769960567944
MOGSEC,13,166.97400759101538,12.844154430078106,2025-12-16,2026-05-27,0.44353182751540043,3.804134040916285
GLOBALE-BE,13,-799.1590452266847,-61.47377270974498,2025-11-19,2026-04-09,0.3860369609856263,-19.406893994312224
SETF10GILT,12,1.2066479905745524,0.10055399921454604,2025-12-11,2026-04-08,0.32306639288158795,0.0373545674975162
GROWWLOVOL,12,-397.9387745647656,-33.1615645470638,2025-12-30,2026-07-01,0.5010266940451745,-7.785074779702683
ANKITMETAL-BZ,11,1071.3369806711341,97.39427097010311,2025-11-17,2026-06-19,0.5859000684462696,18.97058714202671
MID150CASE,11,383.77248733975455,34.88840793997769,2025-12-17,2026-04-16,0.32854209445585214,12.145287953032424
MIDQ50ADD,11,389.7857933419928,35.43507212199935,2025-12-04,2026-04-13,0.35592060232717315,11.341775222348293
BSLNIFTY,11,84.39243393392161,7.672039448538328,2025-12-31,2026-04-08,0.2683093771389459,3.181710254369241
WILLAMAGOR,11,101.54824014320114,9.231658194836468,2025-11-21,2026-07-10,0.6324435318275154,1.6103804320453996
DBSTOCKBRO-BE,11,8.806580968001654,0.8005982698183322,2025-11-20,2026-02-20,0.2518822724161533,0.35008835729850585
NIF100IETF,11,-593.9899180750267,-53.99908346136606,2025-12-24,2026-07-07,0.5338809034907598,-10.83665697712779
AONENIFTY,11,-783.5395826320671,-71.23087114836973,2026-01-07,2026-04-15,0.2683093771389459,-26.22160787683643
AAKASH,10,2360.606272669675,236.06062726696751,2025-11-26,2026-03-04,0.2683093771389459,120.3109028672297
DNAMEDIA,10,3319.766488630111,331.97664886301106,2025-12-17,2026-07-22,0.5941136208076659,62.01311478079909
TEAMGTY,10,1625.2623642313151,162.5262364231315,2026-01-23,2026-07-23,0.49555099247091033,35.5126646369879
LAKPRE-BZ,10,1292.8813683261874,129.28813683261873,2025-12-24,2026-07-02,0.5201916495550992,26.331081608110797
SNXT50BETA,10,605.5668003059285,60.55668003059285,2025-12-23,2026-04-17,0.31485284052019163,20.530743394700956
WIPL,10,358.4826498707067,35.84826498707067,2025-11-14,2026-06-17,0.5886379192334018,6.166049377100391
HEALTHY,10,123.61696738251364,12.361696738251364,2025-12-18,2026-04-06,0.29842573579739906,4.202828329884767
GILT5YBEES,10,42.05834311073583,4.205834311073582,2025-12-04,2026-05-21,0.459958932238193,0.9166516755106935
GSEC10IETF,10,-48.97356532235413,-4.897356532235413,2025-12-24,2026-05-26,0.4188911704312115,-1.165154906739796
AONETOTAL,10,-120.01918760447194,-12.001918760447193,2025-12-17,2026-04-16,0.32854209445585214,-3.6084679754187055
TOP100CASE,10,-163.51174472391983,-16.351174472391982,2025-12-26,2026-05-07,0.3613963039014374,-4.459354832188078
AMBICAAGAR,10,-193.2434050678006,-19.32434050678006,2025-11-26,2026-04-10,0.36960985626283366,-5.142540610510904
QUALITY30,10,-319.6569064900332,-31.965690649003317,2026-01-12,2026-07-06,0.4791238877481177,-6.5558797585093975
BSE500IETF,10,-481.6895827475473,-48.16895827475473,2025-12-15,2026-04-20,0.34496919917864477,-13.33392464886729
GROWWN200,10,-582.5514741576791,-58.25514741576791,2025-12-17,2026-05-07,0.3860369609856263,-14.39955182856597
RADAAN,9,1797.6970844134244,199.74412049038048,2025-11-13,2026-07-22,0.6872005475701575,27.197289786504243
NITIRAJ,9,1250.3380105952044,138.92644562168937,2025-11-13,2026-06-10,0.5722108145106092,22.861932825617636
HDFCBSE500,9,535.8650066863692,59.54055629848546,2025-12-15,2026-04-20,0.34496919917864477,16.33665818876473
OBCL,9,765.0622216768998,85.00691351965553,2025-11-21,2026-06-09,0.5475701574264202,14.411640855817742
EVIETF,9,364.574212164276,40.508245796030664,2025-12-05,2026-04-23,0.3805612594113621,9.866313525577276
SBINEQWETF,9,430.16917283807675,47.7965747597863,2026-01-12,2026-07-09,0.487337440109514,9.026793321776783
NEXT50IETF,9,192.83161974348917,21.425735527054353,2025-11-28,2026-04-10,0.36413415468856947,5.38520719652662
ANANTAM-IV,9,96.52017307575652,10.724463675084058,2026-01-23,2026-04-06,0.1998631074606434,4.923525179834232
SBIETFCON,9,191.35453240776172,21.261614711973525,2025-11-13,2026-07-02,0.6324435318275154,3.042417534326125
ASIANHOTNR,9,157.5343503223246,17.50381670248051,2025-11-13,2026-07-03,0.6351813826146475,2.4913427740101968
GSEC10YEAR,9,67.55955994164918,7.506617771294354,2026-02-01,2026-06-05,0.3394934976043806,2.0031167676796358
EBBETF0431,9,-24.265388870203164,-2.6961543189114625,2026-01-16,2026-05-25,0.3531827515400411,-0.6855235119482717
EVINDIA,9,-56.92297366183698,-6.32477485131522,2025-12-08,2026-04-17,0.35592060232717315,-1.5910921072532447
BFSI,9,-285.7130188216871,-31.745890980187458,2025-12-18,2026-07-06,0.5475701574264202,-5.156142423360777
MOQUALITY,9,-455.80845361843944,-50.64538373538216,2026-01-12,2026-04-10,0.24093086926762491,-17.604034455371366
DOLLEX-SM,9,-2138.054848598217,-237.56164984424635,2025-10-23,2026-02-27,0.34770704996577684,-49.93364747646836
ABCOTS,9,-2267.83241976564,-251.98137997396003,2026-01-09,2026-04-24,0.2874743326488706,-59.12592406773505
TIJARIA,8,4545.652640264184,568.206580033023,2025-12-05,2026-07-17,0.6132785763175906,84.22543010997876
SHYAMTEL-BE,8,2353.2831281892277,294.16039102365346,2025-11-19,2026-04-21,0.4188911704312115,65.61816670943574
PTL,8,641.4509617198848,80.1813702149856,2025-11-14,2026-01-28,0.2053388090349076,35.36117948176363
SNXT30BEES,8,571.0656441142444,71.38320551428055,2026-01-21,2026-04-10,0.216290212183436,29.273988196144884
MONEXT50,8,844.4465630573194,105.55582038216492,2025-12-09,2026-04-10,0.33401779603011633,27.469340928945662
NXST-RR,8,829.3316375966017,103.66645469957521,2025-12-04,2026-04-10,0.34770704996577684,25.75168448913079
NIFTY100EW,8,854.0827397353731,106.76034246692164,2025-12-04,2026-04-17,0.3668720054757016,25.03103763590424
MOMOMENTUM,8,38.83650739056782,4.854563423820977,2025-12-17,2026-04-15,0.3258042436687201,1.1968161828121993
GROWWNIFTY,8,-85.51251045517715,-10.689063806897144,2026-01-12,2026-04-20,0.2683093771389459,-3.150108013731534
SBIETFQLTY,8,-319.2110863975928,-39.9013857996991,2026-01-22,2026-07-03,0.44353182751540043,-7.053303060054816
HDFCMOMENT,8,-343.10991877901574,-42.88873984737697,2025-12-12,2026-04-10,0.3258042436687201,-10.161877342136927
KEN-SM,8,-829.811438697054,-103.72642983713175,2025-11-10,2026-06-25,0.621492128678987,-13.010773389657826
SML100CASE,8,-619.9909072036762,-77.49886340045953,2025-12-05,2026-04-09,0.34223134839151265,-17.057346747524594
MON100,8,-375.6556825173564,-46.95696031466955,2026-01-12,2026-03-23,0.19164955509924708,-18.109589981520692
UMESLTD,7,2220.178608901498,317.16837270021404,2025-11-14,2026-03-11,0.3203285420944558,86.9985591044111
CEATLTD,7,2984.4416490551807,426.34880700788295,2025-12-30,2026-06-17,0.46269678302532513,75.84710501565452
ARABIAN-SM,7,5164.821851570241,737.831693081463,2025-10-01,2026-07-03,0.7529089664613279,73.85405749509373
SGL,7,1807.9671890920858,258.2810270131551,2025-11-24,2026-04-07,0.3668720054757016,57.30086552890048
PELATRO-SM,7,3173.112165830581,453.30173797579727,2025-10-27,2026-06-16,0.6351813826146475,54.3234164010757
SAHYADRI,7,1797.404786470126,256.7721123528751,2025-11-25,2026-04-15,0.3860369609856263,53.44669297799649
JOCIL-BE,7,1601.0941384817197,228.7277340688171,2025-12-10,2026-04-17,0.35044490075290896,52.77375890526381
MAGNUM,7,2349.8228982293845,335.6889854613406,2025-11-24,2026-07-09,0.621492128678987,40.43809849941313
KKJEWELS-SM,7,2299.638216667538,328.51974523821974,2025-11-26,2026-07-21,0.648870636550308,37.574077176967855
MNC,7,986.3235826801174,140.9033689543025,2025-12-08,2026-04-10,0.33675564681724846,32.224416496190415
MANUFGBEES,7,951.3424574474384,135.90606534963405,2025-12-09,2026-04-09,0.33127994524298426,31.563669156404007
TALBROAUTO,7,1025.7967172853405,146.54238818362006,2025-11-13,2026-04-08,0.3997262149212868,27.672561766529636
MOMENTUM,7,789.9753425473332,112.85362036390474,2025-12-17,2026-04-15,0.3258042436687201,26.28465720807789
MIDCAPETF,7,614.5674397367213,87.79534853381733,2025-12-11,2026-04-17,0.34770704996577684,18.711996454208514
ADL,7,1137.679870381248,162.52569576874973,2025-11-14,2026-07-15,0.6652977412731006,17.580830784154532
TFL,7,894.945081079446,127.84929729706371,2025-11-19,2026-06-30,0.6105407255304586,15.072253494613875
DELTAMAGNT,7,888.7942726334521,126.97061037620745,2025-11-19,2026-07-22,0.6707734428473648,13.535082135240305
HDFCPVTBAN,7,610.7662837381538,87.25232624830768,2025-12-22,2026-06-15,0.4791238877481177,13.171518380793712
SRGHFL,7,675.1974278292696,96.45677540418137,2025-11-12,2026-06-19,0.5995893223819302,11.513021998002394
RTL-SM,7,849.7615073278782,121.39450104683975,2025-10-09,2026-07-14,0.7611225188227242,11.310665910626593
GROWWNXT50,7,352.05577150954844,50.2936816442212,2025-12-09,2026-04-10,0.33401779603011633,10.914271895908323
SBIETFPB,7,164.37855533322409,23.482650761889154,2025-12-19,2026-04-07,0.29842573579739906,5.615407948009299
GSEC5IETF,7,185.44734826833638,26.492478324048054,2025-12-11,2026-05-27,0.45722108145106094,4.100664069965876
MOM100,7,96.9629326329331,13.851847518990443,2025-12-31,2026-04-16,0.29021218343600275,3.380906887815849
CORALFINAC,7,72.27583144114497,10.325118777306425,2025-11-14,2026-07-22,0.6844626967830253,1.0577067873955404
AHLWEST-BE,7,-406.96786566836045,-58.138266524051495,2021-10-05,2026-04-22,4.544832306639288,-0.9100169005661574
HDFCNIF100,7,-82.13922042198124,-11.73417434599732,2026-01-12,2026-05-11,0.3258042436687201,-2.4997584646292093
AVIANSH-SM,7,-179.44955344770068,-25.63565049252867,2025-12-24,2026-06-19,0.48459958932238195,-3.6677241736067567
SBGLP,7,-284.39127276110867,-40.62732468015838,2025-11-14,2026-07-20,0.6789869952087612,-4.160163899328673
NEXTMEDIA,7,-465.96224109178274,-66.56603444168324,2025-11-20,2026-07-14,0.6461327857631759,-7.118880742552813
TARMAT,7,-605.8782913731391,-86.55404162473415,2026-01-07,2026-07-20,0.5311430527036276,-11.101288290827016
MOMENTUM30,7,-326.6797423587387,-46.66853462267695,2025-12-31,2026-04-08,0.2683093771389459,-11.643287839799221
LOWVOLIETF,7,-614.5542510845928,-87.79346444065611,2026-01-16,2026-06-25,0.4380561259411362,-13.479362690588282
LOWVOL1,7,-675.3090458271713,-96.47272083245305,2025-12-24,2026-04-10,0.2929500342231348,-21.23276073634447
MSCIINDIA,7,-1619.1093145400584,-231.30133064857978,2026-01-12,2026-04-13,0.24914442162902123,-50.78392247899135
SECMARK,7,-1412.0496637897832,-201.7213805413976,2025-12-02,2026-02-13,0.1998631074606434,-53.31028579270074
WEWIN-BE,6,3014.1347744049335,502.3557957341556,2026-01-13,2026-04-06,0.2272416153319644,218.7838011197485
IL&FSTRANS-BZ,6,2793.280178438311,465.54669640638514,2025-11-14,2026-04-20,0.42984257357973993,77.3724895232228
RILINFRA-SM,6,2784.5824176500396,464.09706960833995,2025-12-02,2026-05-25,0.47638603696098564,67.47491963517491
CINEVISTA,6,2126.43850805965,354.40641800994166,2025-11-19,2026-04-15,0.4024640657084189,61.455015424594436
VRLLOG,6,1625.6975765787197,270.94959609645326,2025-12-09,2026-04-15,0.34770704996577684,54.22119893662774
FLAIR,6,1567.643877901509,261.27397965025153,2025-11-25,2026-04-08,0.3668720054757016,48.72691763805772
ROYALARC-SM,6,3104.212635437513,517.3687725729188,2025-07-09,2026-03-27,0.7145790554414785,45.98486299761382
MUKANDLTD,6,2130.1217895229165,355.0202982538194,2026-01-09,2026-07-15,0.5119780971937029,45.816325706980486
NIFTYQLITY,6,333.7696532064733,55.62827553441222,2026-01-16,2026-02-18,0.09034907597535935,43.81981702136648
SIS,6,1535.5301553879046,255.92169256465078,2025-11-20,2026-04-16,0.4024640657084189,42.60814888821687
ITI,6,1303.4585492778667,217.24309154631112,2025-11-24,2026-04-09,0.3723477070499658,38.9657186064962
TIPSFILMS,6,2487.3975600195463,414.5662600032577,2025-11-18,2026-07-23,0.676249144421629,38.88565485308788
REGENCERAM,6,943.8490771328921,157.3081795221487,2025-12-26,2026-04-07,0.2792607802874743,38.12220494943679
METROPOLIS,6,891.6220776120545,148.60367960200907,2025-12-19,2026-04-10,0.3066392881587953,32.1188580133492
MMP,6,1048.0673635676196,174.6778939279366,2025-11-20,2026-04-10,0.3860369609856263,29.45832153310992
ABSLPSE,6,974.0662668143084,162.34437780238474,2025-11-26,2026-04-08,0.36413415468856947,29.080037426359606
NATHBIOGEN,6,1008.3732371583576,168.0622061930596,2025-11-18,2026-04-06,0.3805612594113621,28.71697365406385
MOINFRA,6,1731.2434359799313,288.5405726633219,2025-11-24,2026-07-20,0.6516084873374401,27.767325259222208
ICDSLTD,6,701.263536707973,116.8772561179955,2025-11-25,2026-03-12,0.2929500342231348,26.031204926133643
BANKNIFTY1,6,631.7382665367152,105.28971108945252,2025-12-31,2026-04-10,0.2737850787132101,25.075463255042706
PASHUPATI,6,787.6778153603243,131.2796358933874,2026-01-13,2026-05-18,0.34223134839151265,24.80026874905934
ISFT,6,1159.8970597936195,193.31617663226993,2025-11-18,2026-05-21,0.5037645448323066,24.339198822229903
IRB,6,920.7618436742565,153.46030727904275,2025-12-09,2026-05-20,0.44353182751540043,21.96808455700252
MONQ50,6,317.8317634210358,52.971960570172634,2026-01-22,2026-03-25,0.1697467488021903,20.240636512421474
TRANSTEEL-SM,6,355.4345477348374,59.239091289139566,2026-02-27,2026-05-08,0.19164955509924708,19.990308165741745
UYFINCORP,6,958.1076409931055,159.68460683218424,2025-12-12,2026-07-01,0.5503080082135524,18.088074228801986
MICROPRO-SM,6,970.4818326637987,161.74697211063312,2025-09-01,2026-03-30,0.5749486652977412,17.48001405885806
PODDARMENT,6,1126.0070881799898,187.66784802999828,2025-11-17,2026-07-20,0.6707734428473648,17.24205798449494
PRAMARA-SM,6,422.17424088344364,70.36237348057394,2026-02-10,2026-05-18,0.2655715263518138,16.84804268361768
SGIL,6,469.82216482769536,78.30369413794922,2025-12-12,2026-04-08,0.3203285420944558,15.410791691444947
SETFNN50,6,415.7291056357658,69.28818427262763,2025-12-09,2026-04-10,0.33401779603011633,12.9692590927597
TATATECH,6,439.1481064443236,73.19135107405394,2025-12-11,2026-05-05,0.39698836413415467,11.433723007270768
MOM30IETF,6,333.51367207008184,55.585612011680304,2025-12-18,2026-04-10,0.30937713894592744,11.186966740706584
NV20BEES,6,142.65935784454092,23.77655964075682,2026-02-01,2026-04-06,0.17522245037645448,8.419835150249732
HDFCMID150,6,261.4337984395088,43.57229973991813,2025-12-16,2026-04-16,0.33127994524298426,8.101708299230491
JUNIORBEES,6,275.0993091914969,45.849884865249486,2025-11-25,2026-04-10,0.3723477070499658,7.560617015310678
NIFTYCASE,6,83.73947703273907,13.956579505456512,2026-01-12,2026-02-26,0.12320328542094455,7.002877270474106
ABSLNN50ET,6,236.0870191588075,39.347836526467916,2025-11-25,2026-04-10,0.3723477070499658,6.467342466359494
NIFTYAXIS,6,88.25167671375755,14.708612785626258,2025-12-19,2026-02-23,0.1806981519507187,4.982662591079423
HDFCNIFTY,6,171.03963568512518,28.506605947520864,2026-01-12,2026-07-08,0.48459958932238195,3.56161868120064
GROWWEV,6,88.9892712178534,14.831545202975567,2025-12-09,2026-04-21,0.36413415468856947,2.4628898882276484
GKWLIMITED,6,57.01556459534038,9.502594099223396,2026-01-13,2026-04-29,0.29021218343600275,1.9783520719895753
EBBETF0433,6,-82.88509717978806,-13.81418286329801,2026-01-20,2026-04-09,0.216290212183436,-3.774995374795098
SREEL,6,-232.80793284555574,-38.801322140925954,2025-11-14,2026-05-14,0.49555099247091033,-4.642300923004794
EMULTIMQ,6,-280.59375759052773,-46.76562626508795,2025-12-09,2026-07-13,0.5913757700205339,-4.698631995736646
SETFNIF50,6,-359.14617617941775,-59.85769602990296,2026-01-02,2026-06-30,0.49007529089664614,-7.191526517436664
KEEPLEARN,6,-588.986920072708,-98.16448667878467,2025-11-17,2026-07-22,0.676249144421629,-8.585534151490549
EQUAL50ADD,6,-347.1529379528287,-57.85882299213812,2025-12-19,2026-04-09,0.30390143737166325,-10.975805038257791
SPPPOLY-SM,6,-412.754057700104,-68.79234295001733,2025-08-05,2025-12-08,0.34223134839151265,-11.58835244117078
GOLDENTOBC-BZ,6,-526.235185143893,-87.70586419064882,2025-11-14,2026-04-17,0.4216290212183436,-12.033482621092483
QUAL30IETF,6,-305.8721936996675,-50.97869894994458,2025-11-26,2026-02-18,0.2299794661190965,-12.635073599443302
GROWWMOM50,6,-557.8579136880219,-92.97631894800365,2025-12-18,2026-04-09,0.3066392881587953,-17.072037225984737
MONARCH,6,-653.7491323048031,-108.95818871746718,2025-12-08,2026-04-08,0.33127994524298426,-18.460826731849643
ELM250,6,-646.7516924862044,-107.79194874770074,2026-01-12,2026-04-08,0.23545516769336072,-24.720819340190893
BSLSENETFG,6,-495.3340568681997,-82.55567614469994,2026-01-05,2026-03-09,0.17248459958932238,-25.51200153038615
HAVISHA,6,-1082.3632909986682,-180.39388183311135,2025-11-27,2026-04-07,0.3586584531143053,-27.34123360001207
KHANDSE,6,-2639.241477307578,-439.873579551263,2025-12-10,2026-04-29,0.38329911019849416,-55.04163675394535
NAGREEKCAP-BE,5,3902.42659381397,780.485318762794,2026-01-22,2026-04-17,0.2327173169062286,311.9730160773961
SADBHIN-BE,5,2929.9396593813035,585.9879318762607,2025-11-27,2026-02-06,0.1943874058863792,275.0535260274113
AARTECH-BE,5,5198.981718396197,1039.7963436792393,2026-01-23,2026-05-26,0.33675564681724846,246.6573023748996
IL&FSENGG-BZ,5,3946.4367213809837,789.2873442761968,2025-11-18,2026-02-26,0.2737850787132101,237.0171949488772
KANPRPLA,5,4089.4601230261014,817.8920246052203,2025-12-03,2026-04-06,0.3394934976043806,174.52248440311791
DCMFINSERV-BE,5,2138.55329966526,427.710659933052,2025-12-29,2026-03-11,0.1971252566735113,167.2832971687659
SICAGEN,5,1321.0890906322243,264.21781812644485,2021-02-17,2021-04-05,0.12867898699520877,162.2890560325712
KONTOR-SM,5,5857.518068077785,1171.503613615557,2025-09-26,2026-04-07,0.5284052019164955,139.29991838177517
TIMKEN,5,1579.1242040154154,315.8248408030831,2025-11-28,2026-02-03,0.1834360027378508,122.39635813429821
ESSENTIA-BE,5,3593.1819904348313,718.6363980869662,2025-11-20,2026-04-15,0.3997262149212868,115.54160784702367
HEADSUP,5,774.9280373796331,154.98560747592663,2025-11-14,2025-12-22,0.10403832991101986,104.909402196397
GPTINFRA,5,1490.1566532845864,298.03133065691725,2025-11-24,2026-02-10,0.2135523613963039,91.64074960076303
AVROIND,5,4323.225218188786,864.6450436377572,2025-11-13,2026-06-08,0.5667351129363449,88.50935072336621
HEMIPROP,5,2239.611096869129,447.92221937382584,2025-12-17,2026-04-20,0.3394934976043806,81.35318334985644
RKFORGE,5,2451.8959923445796,490.3791984689159,2025-11-24,2026-04-08,0.36960985626283366,80.99429838127278
NAHARINDUS,5,2115.909386484268,423.1818772968536,2025-12-11,2026-04-10,0.32854209445585214,79.35557294004934
CHAMUNDA-SM,5,2885.7018629281574,577.1403725856314,2026-01-06,2026-06-23,0.459958932238193,73.53487235568717
PFS,5,2134.699347702198,426.9398695404396,2025-12-03,2026-04-17,0.36960985626283366,68.78940550501184
MARCO-SM,5,2171.2541342605055,434.2508268521011,2025-11-12,2026-04-01,0.38329911019849416,66.96820641971107
USHAMART,5,1898.2908526010087,379.65817052020174,2025-12-03,2026-04-06,0.3394934976043806,66.85710465410561
VINNY,5,2223.2881128785757,444.65762257571515,2026-01-19,2026-06-15,0.4024640657084189,64.67801007005293
PURVA,5,2154.892801642578,430.9785603285156,2025-11-19,2026-04-13,0.39698836413415467,63.48773670163781
CANHLIFE,5,1340.2263390779367,268.04526781558735,2026-03-02,2026-06-08,0.2683093771389459,59.80022629578903
CINELINE,5,1766.5632849757812,353.31265699515626,2025-12-01,2026-04-07,0.34770704996577684,59.65673274676955
MADHUSUDAN-ST,5,3125.1168974844572,625.0233794968915,2025-11-07,2026-06-19,0.6132785763175906,55.80332638458974
CYBERMEDIA-BE,5,2966.4710919178274,593.2942183835655,2025-11-28,2026-07-06,0.6023271731690623,53.92523415155927
DIGJAMLMTD,5,3784.9561973359505,756.9912394671901,2025-10-14,2026-07-15,0.7501711156741958,53.4021532506751
HDFCNIFBAN,5,1084.9717132784504,216.99434265569008,2026-01-21,2026-04-22,0.24914442162902123,51.200366190134574
GOKUL,5,940.7612938331416,188.15225876662834,2025-11-21,2026-02-18,0.243668720054757,44.62670195047234
MODTHREAD,5,1669.366302315871,333.87326046317423,2026-01-19,2026-06-22,0.4216290212183436,44.2180391660504
GREENLAM,5,1779.1999793488992,355.83999586977984,2025-12-09,2026-05-25,0.45722108145106094,43.0669064233026
JSWINFRA,5,867.4078366441304,173.4815673288261,2026-01-12,2026-04-09,0.23819301848049282,41.79691100851157
GSMFOILS-SM,5,1300.268832948932,260.0537665897864,2025-12-03,2026-04-15,0.36413415468856947,39.89253838853097
PANSARI,5,1162.6744390685105,232.5348878137021,2026-01-22,2026-05-25,0.33675564681724846,38.627192093744526
AKG,5,2200.3373306165095,440.06746612330187,2025-11-27,2026-07-16,0.6324435318275154,36.95202536464923
MOMIDMTM,5,763.1987062986682,152.63974125973363,2026-01-14,2026-04-10,0.23545516769336072,36.665193091826566
ABCAPITAL,5,622.6821243143523,124.53642486287046,2026-02-03,2026-04-15,0.1943874058863792,36.44519876987593
COUNCODOS,5,1069.5757017564354,213.91514035128708,2025-12-09,2026-04-09,0.33127994524298426,35.898148917064155
HALDER,5,862.1877874704783,172.43755749409564,2026-04-10,2026-07-21,0.2792607802874743,34.46697954207658
GODREJIND,5,1046.454248726087,209.29084974521737,2025-12-18,2026-04-22,0.34223134839151265,33.75108337356365
SUNDRMFAST,5,1212.9616652675095,242.5923330535019,2025-12-09,2026-05-04,0.3997262149212868,33.16373905543919
HNGSNGBEES,5,2011.6635757327902,402.33271514655803,2025-11-21,2026-07-21,0.6625598904859685,31.869649511376675
EBANKNIFTY,5,1171.0928536486751,234.21857072973503,2026-01-21,2026-06-25,0.4243668720054757,29.818055442344615
PYRAMID,5,1115.5837205148534,223.1167441029707,2025-11-14,2026-04-16,0.4188911704312115,28.721782875692913
PROPEQUITY-SM,5,1943.962156658805,388.792431331761,2025-07-22,2026-04-09,0.7145790554414785,28.22226610236458
MAKEINDIA,5,897.1979802715241,179.43959605430481,2025-12-09,2026-04-15,0.34770704996577684,28.031518303043867
ABSLBANETF,5,1091.5903064613021,218.31806129226044,2026-01-21,2026-06-25,0.4243668720054757,27.651451840240647
MOTOGENFIN-BE,5,938.893752976277,187.77875059525542,2025-11-14,2026-04-02,0.3805612594113621,26.593185992049982
HPIL,5,1581.724272178952,316.3448544357904,2025-12-05,2026-07-22,0.6269678302532512,26.391217029287994
LAGNAM,5,1568.6502705567696,313.7300541113539,2025-11-20,2026-07-10,0.6351813826146475,25.785136297488087
MIDCAPIETF,5,593.9342711375431,118.78685422750861,2026-01-12,2026-04-16,0.25735797399041754,25.130593311525494
PIXTRANS,5,481.63216470243844,96.32643294048769,2025-11-14,2026-02-03,0.22176591375770022,23.62869165977479
IMPAL,5,749.4777951951512,149.89555903903025,2025-12-03,2026-04-08,0.34496919917864477,23.306507813600795
HSCL,5,791.5919972106258,158.31839944212516,2025-11-21,2026-04-07,0.3750855578370979,22.52026328237453
PVTBANIETF,5,954.216492547605,190.843298509521,2025-12-31,2026-06-15,0.4544832306639288,22.20552065381338
SETFNIFBK,5,857.5924668916509,171.5184933783302,2026-01-21,2026-06-25,0.4243668720054757,21.39599248124413
JKPAPER,5,1315.1344185223436,263.02688370446873,2025-11-21,2026-07-13,0.6406570841889117,21.27109961508893
VIDHIING,5,1079.1038982524342,215.82077965048683,2025-12-12,2026-07-07,0.5667351129363449,19.81966643012607
BANKBETA,5,396.38840751623627,79.27768150324725,2026-01-21,2026-04-10,0.216290212183436,19.68916374397134
HEALTHAXIS,5,548.6831984380384,109.73663968760768,2025-12-18,2026-04-09,0.3066392881587953,19.02911933881675
HEALTHADD,5,525.9394167083926,105.18788334167853,2025-12-18,2026-04-15,0.32306639288158795,17.193878268351792
HEALTHIETF,5,461.8889523131973,92.37779046263947,2025-12-18,2026-04-08,0.30390143737166325,16.01866089383359
CONSUMER,5,576.3039181961337,115.26078363922674,2025-12-12,2026-05-07,0.3997262149212868,15.047311152938203
SHEMAROO-BE,5,492.3078463895895,98.4615692779179,2025-12-04,2026-04-09,0.34496919917864477,14.94792191234926
ALPHA,5,460.4549141788042,92.09098283576084,2025-12-09,2026-04-10,0.33401779603011633,14.427794646536585
MID150,5,351.9260967971428,70.38521935942856,2026-01-12,2026-04-23,0.27652292950034224,13.323918106824895
RAJTV,5,430.43415027687706,86.08683005537542,2025-11-20,2026-03-30,0.35592060232717315,12.56999951498683
INCREDIBLE,5,716.1637765220354,143.23275530440708,2025-12-09,2026-07-22,0.6160164271047228,11.882938909376861
RAPPID-SM,5,666.6464129593342,133.32928259186684,2025-12-09,2026-07-13,0.5913757700205339,11.530692457650416
CIFL,5,436.29767750380756,87.25953550076152,2025-11-18,2026-04-20,0.4188911704312115,10.732504583356683
MOHEALTH,5,290.9193519455,58.1838703891,2025-12-09,2026-04-08,0.32854209445585214,9.120763077184613
SOTL,5,327.7956418665999,65.55912837331998,2025-11-14,2026-04-15,0.4161533196440794,8.05871433503138
SMARTLINK-BE,5,227.7898348717581,45.55796697435162,2025-12-18,2026-04-06,0.29842573579739906,7.839530551718976
OBSCP-SM,5,214.4371655326305,42.8874331065261,2025-12-24,2026-04-08,0.2874743326488706,7.659681798512241
NUCLEUS,5,387.1563876011635,77.4312775202327,2025-11-28,2026-06-11,0.5338809034907598,7.374098986152489
VSTIND,5,415.31378773105257,83.06275754621052,2025-12-10,2026-07-15,0.5941136208076659,7.08922012440778
NEXT50,5,207.56952352063973,41.513904704127945,2025-12-09,2026-04-10,0.33401779603011633,6.343803492673561
QNIFTY,5,73.86693206531415,14.773386413062829,2025-12-19,2026-02-03,0.12594113620807665,6.017754433564293
CONS,5,217.528174526875,43.505634905375004,2025-12-09,2026-04-23,0.36960985626283366,5.995078294889722
NIFTYETF,5,326.5736322380885,65.3147264476177,2025-12-18,2026-07-20,0.5859000684462696,5.638002763600558
NPBET,5,236.71958771938182,47.343917543876366,2025-12-29,2026-06-15,0.459958932238193,5.218155172511896
MIDSELIETF,5,125.31962286652839,25.063924573305677,2026-01-02,2026-04-20,0.29568788501026694,4.3018622896853875
DODLA,5,176.3730566000533,35.27461132001066,2026-01-12,2026-07-06,0.4791238877481177,3.716467418167113
AONETMMQ50,5,119.44797532564094,23.889595065128187,2026-03-04,2026-07-23,0.3860369609856263,3.1236707019358434
BBETF0432,5,101.52447005778274,20.30489401155655,2026-01-20,2026-05-26,0.34496919917864477,2.9714542125617305
PATINTLOG-BE,5,122.10360818220181,24.420721636440362,2025-11-25,2026-05-26,0.49828884325804246,2.4655220615213302
MIDCAP,5,76.37356757912848,15.274713515825695,2026-01-12,2026-06-08,0.4024640657084189,1.9084214731607707
NEXT50BETA,5,48.86066675163386,9.772133350326772,2025-12-09,2026-04-08,0.32854209445585214,1.494634664925254
SBILIQETF,5,55.57785569550558,11.115571139101117,2025-12-05,2026-07-01,0.5694729637234771,0.9780019138274643
CONSUMBEES,5,33.758225108086464,6.751645021617293,2025-12-09,2026-07-07,0.5749486652977412,0.587884448811038
LIQUIDETF,5,-0.09999999999990905,-0.01999999999998181,2026-01-05,2026-06-04,0.4106776180698152,-0.002434982528920493
SCILAL,5,-5.1106554160484166,-1.0221310832096833,2025-11-27,2026-04-10,0.3668720054757016,-0.13924207618664086
AJMERA,5,-6.944416345783679,-1.3888832691567359,2025-11-25,2026-01-19,0.15058179329226556,-0.46027007501643347
CONSUMIETF,5,-67.78978589522984,-13.557957179045967,2025-12-05,2026-04-30,0.3997262149212868,-1.6872830031532948
PHARMABEES,5,-57.345811291080906,-11.469162258216182,2026-01-06,2026-04-06,0.2464065708418891,-2.3069560923861587
HDFCNEXT50,5,-102.42391444705868,-20.484782889411736,2025-12-08,2026-04-08,0.33127994524298426,-3.0599128730519065
MON50EQUAL,5,-134.24411858527742,-26.848823717055485,2025-12-17,2026-04-17,0.33127994524298426,-3.9976312091004607
MALUPAPER,5,-276.71281445845557,-55.34256289169112,2025-11-17,2026-07-22,0.676249144421629,-4.064641497500087
GROWWPOWER,5,-305.11201483990396,-61.022402967980796,2025-11-26,2026-07-13,0.6269678302532512,-4.822114356917162
CHOLAFIN,5,-220.95415449546294,-44.19083089909259,2025-12-19,2026-05-04,0.3723477070499658,-5.82413168138376
NETF,5,-107.43780466918183,-21.487560933836367,2025-12-22,2026-02-19,0.16153319644079397,-6.468429683210664
MAHSCOOTER,5,-462.61390629839786,-92.52278125967958,2025-11-14,2026-05-25,0.5256673511293635,-8.61654378914004
VHLTD-BE,5,-101.4189560162938,-20.28379120325876,2026-05-18,2026-06-25,0.10403832991101986,-9.333295831031062
HECPROJECT,5,-655.3982762192186,-131.07965524384372,2025-11-20,2026-07-21,0.6652977412731006,-9.686986794809716
ECAPINSURE,5,-244.76639820211312,-48.95327964042262,2026-01-20,2026-04-10,0.2190280629705681,-10.697574739948667
GROWWSC250,5,-362.47535974877826,-72.49507194975565,2026-01-12,2026-04-09,0.23819301848049282,-14.358798485942003
ICRA,5,-1036.3411827897735,-207.2682365579547,2025-11-19,2026-07-23,0.6735112936344969,-14.993470543416375
ROML,5,-1100.8141025106554,-220.16282050213107,2025-12-19,2026-07-16,0.5722108145106092,-18.438696167099565
NINSYS-BE,5,-783.297415204441,-156.6594830408882,2025-11-14,2026-03-30,0.3723477070499658,-19.672921498884367
BBNPNBETF,5,-434.340626546534,-86.8681253093068,2026-01-27,2026-04-08,0.1943874058863792,-20.4224719067877
GVPTECH,5,-658.5107020945316,-131.7021404189063,2025-11-13,2026-02-12,0.24914442162902123,-23.922171079137435
SENSEXAXIS,5,-389.3644885265078,-77.87289770530155,2026-01-12,2026-03-04,0.13963039014373715,-24.75551976133331
EIHOTEL,5,-835.3286458828626,-167.06572917657252,2025-12-16,2026-04-06,0.30390143737166325,-24.951138274858753
EIHAHOTELS,5,-1029.995961463199,-205.99919229263978,2025-11-21,2026-04-08,0.37782340862423,-25.001180201314565
DGCONTENT,5,-1585.9231832386336,-317.18463664772673,2025-11-25,2026-06-25,0.5804243668720055,-25.73309087293527
MWL,5,-397.41197080708605,-79.4823941614172,2026-02-20,2026-04-08,0.12867898699520877,-27.031639942957618
NIF100BEES,5,-476.6003985330102,-95.32007970660204,2026-01-12,2026-03-09,0.15331964407939766,-27.276519242474585
MFML,5,-2041.9229590543976,-408.3845918108795,2025-11-14,2026-06-30,0.6242299794661191,-30.64189014296119
TGBHOTELS,5,-2497.511897469234,-499.50237949384683,2025-11-14,2026-07-22,0.6844626967830253,-34.28341820797542
ENSER-SM,5,-3329.0048434079395,-665.8009686815878,2025-10-17,2026-07-16,0.7446954140999316,-41.93455719571192
IVZINNIFTY,5,-644.5736010881653,-128.91472021763306,2026-01-19,2026-03-04,0.12046543463381246,-42.483177558665474
FLEXIADD,5,-518.988759247537,-103.7977518495074,2025-12-31,2026-02-04,0.09582477754962354,-42.65944922811662
MOS-ST,5,-1460.7618633010052,-292.152372660201,2025-12-02,2026-03-13,0.27652292950034224,-43.507802399326124
KRITIKA,5,-2843.688941926762,-568.7377883853524,2025-11-28,2026-06-24,0.5694729637234771,-44.43096504977885
SUNDARAM,5,-2461.2737568457296,-492.25475136914594,2025-11-24,2026-05-07,0.4490075290896646,-46.70013296781496
SUNTV,4,1213.4607764774373,303.36519411935933,2026-01-19,2026-02-09,0.057494866529774126,633.0185153360084
IDEAFORGE-BE,4,5054.221630272101,1263.5554075680252,2025-12-15,2026-04-09,0.31485284052019163,266.6555192311888
JYOTIGLOBL-SM,4,7512.750442425051,1878.1876106062628,2025-10-28,2026-04-08,0.44353182751540043,253.73167314736685
RATNAVEER,4,3150.256543619885,787.5641359049713,2026-01-09,2026-04-01,0.2245037645448323,238.6608149535253
MOCAPITAL,4,2012.1203599962494,503.03008999906234,2026-01-22,2026-04-08,0.2080766598220397,141.34920516559052
REMUS-SM,4,3323.296742364493,830.8241855911233,2025-12-08,2026-04-08,0.33127994524298426,137.7673744608245
INDOSTAR,4,3816.9142767098538,954.2285691774634,2025-11-21,2026-04-10,0.38329911019849416,132.44619120929664
SAHANA-SM,4,5800.163617104585,1450.0409042761462,2025-11-25,2026-06-15,0.5530458590006845,128.67231185116967
ANLON-ST,4,3056.0875418488176,764.0218854622044,2025-12-08,2026-04-06,0.3258042436687201,126.70871555231437
NIBE,4,3623.179652159297,905.7949130398242,2025-11-19,2026-04-13,0.39698836413415467,117.89279531179857
AEROENTER,4,2850.4053210769634,712.6013302692409,2025-12-09,2026-04-09,0.33127994524298426,113.19439930716521
AURUS,4,1902.5934268886162,475.64835672215406,2026-01-13,2026-04-08,0.2327173169062286,111.36661907347265
RELTD,4,3124.894086684994,781.2235216712485,2026-01-12,2026-06-04,0.3915126625598905,100.28102989216094
KINGFA,4,2813.5134038155884,703.3783509538971,2025-11-19,2026-03-30,0.3586584531143053,99.61680496146268
OPTIVALUE-SM,4,4792.494824016563,1198.1237060041408,2025-12-03,2026-07-01,0.5749486652977412,97.58347670030221
BALUFORGE,4,3614.0964381016356,903.5241095254089,2025-11-18,2026-05-04,0.45722108145106094,96.35881571879936
EMAPARTNER-SM,4,3112.6800569573375,778.1700142393344,2025-11-25,2026-04-22,0.405201916495551,95.18723055703151
PNGJL,4,2272.324347939676,568.081086984919,2025-12-08,2026-04-01,0.31211498973305957,92.71559773112799
SCODATUBES,4,2194.3233589165507,548.5808397291377,2025-12-09,2026-04-01,0.30937713894592744,89.88367694821252
GEOJITFSL,4,2883.3481202607536,720.8370300651884,2025-11-25,2026-04-20,0.3997262149212868,88.47782453153319
TPLPLASTEH,4,2423.9455994910895,605.9863998727724,2025-12-03,2026-04-08,0.34496919917864477,87.60329219385106
MADHAV,4,3107.4955978700445,776.8738994675111,2025-11-13,2026-04-22,0.4380561259411362,85.47077513892796
CROWN,4,2584.719516552169,646.1798791380422,2025-11-21,2026-04-06,0.3723477070499658,85.41547559036273
MASFIN,4,1482.4803741616263,370.6200935404066,2026-01-21,2026-04-16,0.2327173169062286,81.12441054141593
GLOBALVECT,4,1444.891913987636,361.222978496909,2026-01-12,2026-04-06,0.2299794661190965,79.82754354728263
ARVINDFASN,4,2252.662235421478,563.1655588553695,2025-12-03,2026-04-09,0.34770704996577684,79.36983896039398
NAVNETEDUL,4,2641.7650033177897,660.4412508294474,2025-11-13,2026-04-16,0.4216290212183436,74.36638905541204
SURYODAY,4,772.6367248287021,193.15918120717552,2026-01-21,2026-03-11,0.13415468856947296,74.1529906748422
LCCINFOTEC,4,3685.4411508685607,921.3602877171402,2025-11-14,2026-06-11,0.5722108145106092,73.03219799983376
BHANDARI-BE,4,2164.030366709435,541.0075916773587,2025-11-26,2026-04-07,0.3613963039014374,71.9544018009553
MUKTAARTS-BE,4,2482.3185891429275,620.5796472857319,2025-11-27,2026-04-29,0.4188911704312115,69.77797081763504
ENGINERSIN,4,1399.0777999380844,349.7694499845211,2025-11-14,2026-02-13,0.24914442162902123,69.14534435615076
ALMONDZ,4,1700.338689721315,425.08467243032874,2025-12-19,2026-04-09,0.30390143737166325,67.65237498216803
PAR,4,3114.4277982059075,778.6069495514769,2025-11-14,2026-05-25,0.5256673511293635,67.4941847258641
ORTEL-BZ,4,3844.5216049382702,961.1304012345676,2025-11-17,2026-07-07,0.6351813826146475,66.88658702477683
ALKEM,4,1564.738037463088,391.184509365772,2025-12-30,2026-04-16,0.2929500342231348,64.254507889276
GINNIFILA-BE,4,2077.3302421414587,519.3325605353647,2025-11-13,2026-04-09,0.4024640657084189,59.83529878476237
SUNFLAG,4,1897.8100075398106,474.45250188495265,2025-11-25,2026-04-10,0.3723477070499658,59.469971166484406
ONESOURCE,4,2076.0492221098298,519.0123055274574,2025-11-17,2026-04-22,0.4271047227926078,55.530113853543114
PARASPETRO,4,2992.412250933834,748.1030627334585,2025-11-14,2026-06-22,0.6023271731690623,54.436835417863996
IONEXCHANG,4,1819.7046116447052,454.9261529111763,2025-11-17,2026-04-08,0.3887748117727584,53.72961123873454
AMIABLE-SM,4,5403.859777790645,1350.9649444476613,2024-12-04,2025-12-19,1.0403832991101984,51.47695530532419
BLACKBUCK,4,2697.2652046700955,674.3163011675239,2025-12-09,2026-07-13,0.5913757700205339,49.751455304324324
UMIYA-MRO,4,1411.241558886875,352.81038972171876,2025-12-09,2026-04-09,0.33127994524298426,48.9583332262002
MINDTECK,4,2612.1503571152657,653.0375892788164,2025-12-09,2026-07-10,0.5831622176591376,48.87853306060954
IRIS,4,1749.5385196133764,437.3846299033441,2026-01-21,2026-06-19,0.4079397672826831,48.47214081924478
YUDIZ-SM,4,2596.753871827369,649.1884679568423,2025-11-21,2026-06-23,0.5859000684462696,48.29244200028526
ADANIPORTS,4,951.9288988420246,237.98222471050616,2026-01-12,2026-04-08,0.23545516769336072,47.13646514421907
NRVANDANA-ST,4,1295.0989169168113,323.7747292292028,2026-01-02,2026-04-28,0.31759069130732376,46.73551117742603
XTGLOBAL,4,2487.4572574227027,621.8643143556757,2025-12-01,2026-07-03,0.5859000684462696,46.103124639816805
TECHM,4,1557.641367547099,389.41034188677475,2026-02-13,2026-07-03,0.38329911019849416,45.888577357313224
GOYALALUM,4,1573.0344169289806,393.25860423224515,2025-11-18,2026-04-09,0.3887748117727584,45.61225595140388
ARENTERP,4,1496.1074385064003,374.02685962660007,2026-03-05,2026-07-22,0.3805612594113621,44.24781487786409
TFCILTD,4,787.014676612265,196.75366915306626,2025-11-14,2026-01-29,0.2080766598220397,43.919918484162814
NAMOEWASTE-ST,4,1287.2509085297686,321.81272713244215,2025-12-10,2026-04-15,0.34496919917864477,42.050613863095855
NATCAPSUQ,4,2164.1371639901085,541.0342909975271,2025-12-31,2026-07-23,0.5585215605749486,42.01462728752263
V2RETAIL,4,793.93087475079,198.4827186876975,2026-01-13,2026-04-06,0.2272416153319644,39.96207441097965
DSSL,4,1142.5854298443537,285.6463574610884,2025-12-09,2026-04-07,0.3258042436687201,39.38477820347232
DANGEE,4,1247.0634777232597,311.7658694308149,2025-11-21,2026-04-02,0.3613963039014374,38.42917725903048
ALPHAETF,4,1098.1990269440628,274.5497567360157,2025-12-18,2026-04-15,0.32306639288158795,38.06126704635295
SHAHALLOYS,4,1826.744474972713,456.68611874317827,2025-12-09,2026-06-19,0.5256673511293635,37.59881185036842
SUBROS,4,1533.4016276622624,383.3504069155656,2025-11-24,2026-05-07,0.4490075290896646,37.400235214140196
ATLPP-E1,4,1184.5463342538042,296.13658356345104,2026-03-02,2026-07-10,0.35592060232717315,36.9616340408379
BAIDFIN,4,2043.5525591365272,510.8881397841318,2025-11-25,2026-07-03,0.6023271731690623,36.16673048647448
BANKETF,4,1381.8345206825438,345.45863017063596,2026-01-21,2026-06-25,0.4243668720054757,35.66302216161874
VITAL-BE,4,2060.479424117526,515.1198560293815,2025-11-26,2026-07-09,0.6160164271047228,35.54447569658778
DOLPHIN,4,2124.933540847825,531.2333852119563,2025-11-19,2026-07-09,0.6351813826146475,35.43811468586276
MANAKSIA,4,2213.5356698113656,553.3839174528414,2025-11-14,2026-07-14,0.6625598904859685,35.22890064717434
CLSEL,4,1663.554763447094,415.8886908617735,2026-01-14,2026-07-21,0.5147159479808351,34.84672896335725
BANKBEES,4,1336.196658931967,334.04916473299176,2026-01-21,2026-06-25,0.4243668720054757,34.38466875855421
CHEMBOND-BE,4,1239.8806927569094,309.97017318922735,2025-12-03,2026-04-27,0.39698836413415467,34.235373450679575
GICRE,4,1495.0134165863667,373.7533541465917,2025-12-22,2026-06-15,0.4791238877481177,33.7494282518078
CLSL-SM,4,1632.981993851558,408.2454984628895,2025-12-22,2026-07-02,0.5256673511293635,33.34200145298938
GAJANAND-SM,4,920.3934204092743,230.09835510231858,2025-09-16,2026-01-06,0.3066392881587953,33.26042427282508
GNFC,4,1140.1134962097342,285.02837405243355,2025-11-25,2026-04-16,0.3887748117727584,32.01056093165817
MIDHANI,4,1232.08328491983,308.0208212299575,2025-11-14,2026-04-16,0.4188911704312115,31.96587280283032
SAGARDEEP,4,1225.8208741936273,306.45521854840683,2025-11-24,2026-04-27,0.4216290212183436,31.55427359469698
NRAIL,4,1517.1484383650977,379.28710959127443,2026-01-13,2026-07-23,0.5229295003422314,31.01173557440209
PTCIL,4,690.511789336864,172.627947334216,2026-03-02,2026-06-01,0.24914442162902123,30.73513453657619
ALEMBICLTD,4,1092.3543645516158,273.08859113790396,2025-12-09,2026-05-07,0.4079397672826831,28.93433549471287
AATMAJ-SM,4,2092.129942573329,523.0324856433323,2025-08-07,2026-05-08,0.7501711156741958,28.818621833742508
DICIND,4,1359.1307437940354,339.78268594850886,2025-12-08,2026-06-15,0.5174537987679672,27.92534553905357
OILCOUNTUB-BE,4,1322.542344047515,330.63558601187873,2026-01-07,2026-07-21,0.5338809034907598,26.194717134624845
GROWWDEFNC,4,886.6019488402891,221.65048721007227,2025-11-25,2026-04-08,0.3668720054757016,26.054736469274143
ECOLINE-ST,4,744.2396261894503,186.05990654736257,2025-12-24,2026-04-17,0.31211498973305957,25.859283855768254
MRF,4,1100.459180269725,275.11479506743126,2025-12-30,2026-06-15,0.45722108145106094,25.651114882606695
TATAPOWER,4,466.8156844354609,116.70392110886523,2025-11-26,2026-02-11,0.2108145106091718,24.16253542385267
SILGO,4,1089.5396738206323,272.3849184551581,2025-11-19,2026-05-14,0.48186173853524983,23.939092372932148
ZENTEC,4,669.4243851239019,167.35609628097546,2025-12-09,2026-04-01,0.30937713894592744,23.299168132267557
JAINIK-SM,4,740.4012888491309,185.10032221228272,2025-12-05,2026-04-09,0.34223134839151265,23.208855796696003
WALPAR-SM,4,1698.6048150973788,424.6512037743447,2025-03-03,2025-12-04,0.75564681724846,23.074067888683647
SHIVASHRIT-SM,4,548.6736806483593,137.16842016208983,2026-01-05,2026-04-09,0.25735797399041754,23.066113256786515
GUJENERGY,4,757.6793734854436,189.4198433713609,2025-12-16,2026-04-24,0.3531827515400411,22.972467051686984
KARMAENG,4,686.4073481494272,171.6018370373568,2025-12-09,2026-04-09,0.33127994524298426,22.18877233804635
PFIZER,4,1094.4477352390845,273.61193380977113,2026-01-06,2026-07-15,0.5201916495550992,22.098337710499493
LIBAS,4,669.7418866348781,167.43547165871954,2025-12-02,2026-04-01,0.32854209445585214,21.812953726205887
JAKHARIA-ST,4,17259.250381964597,4314.812595491149,2020-07-28,2025-09-29,5.171800136892539,21.397389060588612
JSWSTEEL,4,1291.4518790978304,322.8629697744576,2025-12-03,2026-07-22,0.6324435318275154,21.17312845802313
GATEWAY,4,787.533579783742,196.8833949459355,2025-11-14,2026-04-09,0.3997262149212868,20.88203848679784
SAMHI,4,1179.9922830634503,294.99807076586256,2025-11-17,2026-06-23,0.5968514715947981,20.5484802754794
SUNTECK,4,787.518378438984,196.879594609746,2025-11-21,2026-04-22,0.4161533196440794,19.980089564941018
ALLDIGI,4,1132.951396469824,283.237849117456,2025-11-27,2026-07-10,0.6160164271047228,19.032094311211644
VISHNUINFR-SM,4,797.3048512006121,199.32621280015303,2025-11-04,2026-04-15,0.44353182751540043,18.881371147757342
LMW,4,542.5007059131307,135.62517647828267,2025-12-30,2026-04-22,0.30937713894592744,18.620771381675418
BAJEL,4,650.7809525992893,162.69523814982233,2025-11-24,2026-04-08,0.36960985626283366,18.599277164550966
TATAGOLD,4,928.2807458914415,232.07018647286037,2025-12-23,2026-07-09,0.5420944558521561,17.792182536638435
DIVOPPBEES,4,711.1746694839378,177.79366737098445,2026-02-16,2026-07-20,0.4216290212183436,17.697230137456586
RCF,4,941.0710966582543,235.26777416456358,2025-11-24,2026-06-19,0.5667351129363449,17.198163116967624
GATECHDVR,4,725.3384912959375,181.33462282398438,2026-01-19,2026-07-02,0.4490075290896646,16.87709079856439
DHANBANK,4,514.961202730722,128.7403006826805,2025-12-08,2026-04-06,0.3258042436687201,16.66347284788159
AROGRANITE,4,1088.7307211374343,272.1826802843586,2025-11-17,2026-07-22,0.676249144421629,16.51149895192743
MOALPHA50,4,515.3647172215166,128.84117930537914,2025-12-09,2026-04-09,0.33127994524298426,16.38013211212199
AIROLAM,4,862.4951032846413,215.62377582116034,2025-12-01,2026-06-24,0.5612594113620808,15.882010113693212
IPSL-SM,4,2094.6447431023817,523.6611857755954,2025-03-12,2026-06-30,1.3004791238877482,15.74700424115585
NEXT30ADD,4,266.60185962745425,66.65046490686356,2026-02-02,2026-04-09,0.1806981519507187,15.674201214181771
SBFC,4,718.5808085380987,179.64520213452468,2026-01-12,2026-07-06,0.4791238877481177,15.584825648755206
DKEGL-SM,4,1694.789751897393,423.69743797434825,2025-03-04,2026-04-10,1.1006160164271048,15.286032558013485
ASPINWALL,4,582.2383639620747,145.55959099051867,2025-11-17,2026-04-23,0.42984257357973993,14.071723287913773
BAGDIGITAL-SM,4,696.6646312188482,174.16615780471204,2026-01-08,2026-07-17,0.5201916495550992,13.821986663306586
INDIGRID-IV,4,377.7814813895817,94.44537034739542,2025-11-17,2026-03-02,0.2874743326488706,13.768158728465618
EQUAL200,4,431.9086333008175,107.97715832520437,2025-12-18,2026-04-17,0.32854209445585214,13.735159028691712
TEGA,4,662.3289945758654,165.58224864396635,2025-11-24,2026-06-02,0.5201916495550992,13.120666924850077
NORTHARC,4,459.2975303366984,114.8243825841746,2025-12-08,2026-04-23,0.3723477070499658,12.817680135320476
MOM50,4,338.03451551815573,84.50862887953893,2026-01-12,2026-04-23,0.27652292950034224,12.774935678736355
NIFTYBETF,4,587.4256935225934,146.85642338064835,2026-01-12,2026-07-06,0.4791238877481177,12.65255723829124
INFRABEES,4,342.8126129991516,85.7031532497879,2025-12-26,2026-04-20,0.31485284052019163,11.299610779412683
ZYDUSLIFE,4,352.76156683337956,88.19039170834489,2025-11-17,2026-04-09,0.3915126625598905,9.258821904410741
MINDACORP,4,403.32265857979473,100.83066464494868,2025-12-09,2026-05-22,0.4490075290896646,9.205497006507057
BLAL,4,346.19441776645215,86.54860444161304,2025-12-09,2026-05-07,0.4079397672826831,8.70071374128283
ASHOKAMET,4,301.3764925410627,75.34412313526568,2025-11-26,2026-04-07,0.3613963039014374,8.562983621382148
LICNFNHGP,4,176.69169006961644,44.17292251740411,2026-01-28,2026-04-22,0.2299794661190965,7.913356954559081
VERTIS-IV,4,352.51319705311425,88.12829926327856,2026-01-22,2026-07-10,0.46269678302532513,7.774894997265647
DCM-BE,4,309.8819199904174,77.47047999760434,2025-11-14,2026-04-23,0.4380561259411362,7.215035115840873
PULZ-SM,4,460.2981462082513,115.07453655206282,2025-10-14,2026-06-17,0.6735112936344969,6.909960006455673
LEXUS,4,48.984666866732596,12.246166716683149,2026-01-09,2026-02-06,0.07665982203969883,6.58181868193064
HONAUT,4,309.05315676160444,77.26328919040111,2025-11-24,2026-05-21,0.487337440109514,6.444809462062251
MULTICAP,4,209.58681375870887,52.39670343967722,2025-12-18,2026-04-23,0.34496919917864477,6.19717363437422
SMALLCAP,4,233.720552477973,58.43013811949325,2025-11-25,2026-04-15,0.3860369609856263,6.167398031562654
HISARMETAL,4,231.58284377154956,57.89571094288739,2025-11-18,2026-04-08,0.3860369609856263,6.109959263866416
PERSISTENT,4,256.9622689625895,64.24056724064738,2026-01-21,2026-07-10,0.4654346338124572,5.602481965215267
MOKSH,4,212.11657999818613,53.02914499954653,2025-11-24,2026-05-04,0.4407939767282683,4.877017403224992
HDFCSML250,4,134.26849177893752,33.56712294473438,2025-11-17,2026-04-22,0.4271047227926078,3.172042334041536
SIDDHICOTS-SM,4,108.13155060146102,27.032887650365254,2026-02-11,2026-06-18,0.34770704996577684,3.1414880205623996
MOSMALL250,4,113.70375730150755,28.425939325376888,2025-11-26,2026-04-16,0.3860369609856263,2.972102706218105
ADVANIHOTR,4,44.49287625859883,11.123219064649707,2025-11-13,2026-01-20,0.1861738535249829,2.413213327934516
LEMERITE,4,81.82477124722064,20.45619281180516,2025-12-29,2026-05-12,0.3668720054757016,2.2461139529515783
BOROSCI,4,83.60810281873023,20.902025704682558,2025-11-13,2026-04-01,0.3805612594113621,2.2119435755140193
GTECJAINX-BE,4,107.1598937718934,26.78997344297335,2025-11-14,2026-06-02,0.5475701574264202,1.965665956650997
KIRLFER,4,523.1911194239249,130.79777985598122,2023-09-14,2026-05-26,2.6967830253251197,1.9090016960860101
QMSMEDI,4,58.828358949658764,14.707089737414691,2025-11-24,2026-04-23,0.4106776180698152,1.4385220584522296
ENERGY,4,41.588623399835384,10.397155849958846,2026-01-28,2026-07-06,0.4353182751540041,0.9579393305395811
RAMCOIND,4,16.32027750797465,4.080069376993663,2025-12-09,2026-05-27,0.46269678302532513,0.35305505454930053
LIQUIDSBI,4,4.000000000392578e-06,1.0000000000981446e-06,2026-02-02,2026-06-11,0.3531827515400411,1.1325582693899605e-07
ALPL30IETF,4,-0.35156048307118226,-0.08789012076779557,2026-01-13,2026-06-22,0.4380561259411362,-0.008025285684498673
LIQUID,4,-0.299998000019727,-0.07499950000493175,2026-04-16,2026-07-23,0.2683093771389459,-0.011180590552273273
MOENERGY,4,-11.156370232002374,-2.7890925580005934,2025-12-31,2026-02-10,0.11225188227241616,-0.9894960870658442
GROBTEA,4,-71.04875246955541,-17.762188117388853,2026-01-21,2026-07-20,0.4928131416837782,-1.4364270478368302
TNPL,4,-82.34837572265121,-20.587093930662803,2025-11-13,2026-04-13,0.4134154688569473,-1.9802800892497197
DEN,4,-81.07964202043831,-20.26991050510958,2025-11-25,2026-04-10,0.3723477070499658,-2.1626721100610924
ALPA,4,-84.26575216726837,-21.066438041817094,2025-11-27,2026-04-07,0.3586584531143053,-2.331808823711834
IRBINVIT-IV,4,-120.43388297971939,-30.108470744929846,2025-11-17,2026-04-17,0.4134154688569473,-2.888296037609217
CASTROLIND,4,-150.64510087737784,-37.66127521934446,2025-11-13,2026-04-08,0.3997262149212868,-3.726185759122491
WTICAB-SM,4,-244.26322817827895,-61.06580704456974,2025-11-25,2026-05-29,0.5065023956194388,-4.765149955773474
SANATHAN,4,-196.25207983931125,-49.06301995982781,2025-11-13,2026-04-06,0.3942505133470226,-4.9030668402128
CHALET,4,-332.11361597498706,-83.02840399374676,2025-11-17,2026-07-07,0.6351813826146475,-5.178536021873159
HEXATRADEX,4,-359.04557011455455,-89.76139252863864,2025-11-14,2026-07-16,0.6680355920602327,-5.326407662067611
HDFCQUAL,4,-30.578177995784216,-7.644544498946054,2026-01-21,2026-02-10,0.05475701574264202,-5.4393682569094715
SATIA,4,-243.4184707281447,-60.85461768203618,2025-11-25,2026-04-08,0.3668720054757016,-6.496431492914989
PREMIUM-SM,4,-270.28411525470744,-67.57102881367686,2025-11-10,2026-03-30,0.38329911019849416,-6.899038949552194
RADIOCITY,4,-511.3288069667608,-127.8322017416902,2025-11-18,2026-07-22,0.6735112936344969,-7.497051722704895
MIDSMALL,4,-253.154712616911,-63.28867815422775,2025-12-09,2026-04-08,0.32854209445585214,-7.5078189267661966
GROWWNET,4,-503.6546739034666,-125.91366847586664,2025-12-09,2026-07-15,0.5968514715947981,-8.2941922353443
EUROBOND,4,-309.5875666503514,-77.39689166258785,2025-12-02,2026-04-13,0.3613963039014374,-8.333971294653498
MAHLIFE,4,-204.20617319058465,-51.05154329764616,2026-01-14,2026-04-08,0.2299794661190965,-8.580589430637986
MANOMAY,4,-292.7166045730937,-73.17915114327343,2026-01-06,2026-05-05,0.3258042436687201,-8.715164062784964
SALONA,4,-560.1902341524534,-140.04755853811335,2025-12-19,2026-07-23,0.5913757700205339,-9.288251486403842
AJAXENGG,4,-407.08502125282575,-101.77125531320644,2025-11-13,2026-04-15,0.4188911704312115,-9.445201127367786
MONIFTY100,4,-393.1213158089295,-98.28032895223238,2026-01-09,2026-06-01,0.3915126625598905,-9.736576733864178
SHRADHA,4,-610.1151826895625,-152.52879567239063,2025-12-03,2026-07-15,0.6132785763175906,-9.755578550062861
NIFTYIETF,4,-87.07718261252701,-21.769295653131753,2026-01-12,2026-02-09,0.07665982203969883,-10.781923489468138
ALOKINDS,4,-199.35653489219635,-49.83913372304909,2025-12-02,2026-02-03,0.17248459958932238,-11.018966285614528
MONIFTY500,4,-331.41000524861533,-82.85250131215383,2026-01-12,2026-04-20,0.2683093771389459,-11.80421295213675
AKSHARCHEM-BE,4,-537.4944683721535,-134.37361709303838,2025-11-14,2026-04-21,0.432580424366872,-11.989761882605132
MIDCAPBETA,4,-307.9241477454658,-76.98103693636645,2026-01-12,2026-04-10,0.24093086926762491,-12.174219024477019
HDFCLOWVOL,4,-280.4515901050156,-70.1128975262539,2026-02-03,2026-04-17,0.1998631074606434,-13.266249170528344
MOMENTUM50,4,-803.4344686997987,-200.85861717494967,2025-12-17,2026-07-07,0.5530458590006845,-14.053323274447704
GATECH,4,-897.5976305397103,-224.39940763492757,2025-12-11,2026-07-23,0.6132785763175906,-14.217119766701414
CHEMBONDCH-BE,4,-515.5640242834006,-128.89100607085015,2025-12-09,2026-04-09,0.33127994524298426,-14.767141149291863
PVTBANKADD,4,-315.4595485024399,-78.86488712560997,2026-01-21,2026-04-02,0.1943874058863792,-15.202047078911352
PIDILITIND,4,-465.2186230560268,-116.3046557640067,2026-01-22,2026-05-07,0.2874743326488706,-15.27122455658615
ANTGRAPHIC,4,-376.150460184074,-94.0376150460185,2025-11-14,2026-02-04,0.2245037645448323,-15.69929680594302
NILAINFRA,4,-702.525208728256,-175.631302182064,2025-11-19,2026-04-17,0.4079397672826831,-16.352722531012333
TOP15IETF,4,-438.6225241299637,-109.65563103249093,2026-01-08,2026-03-30,0.22176591375770022,-18.311349306621494
FINIETF,4,-482.81298658242156,-120.70324664560539,2026-01-22,2026-04-15,0.2272416153319644,-19.568733381572812
ADROITINFO,4,-966.4128449123161,-241.60321122807903,2025-11-19,2026-04-09,0.3860369609856263,-23.147281210118752
SURYALAXMI,4,-958.5456919874683,-239.63642299686708,2025-11-24,2026-04-08,0.36960985626283366,-23.862209859765336
SHIVAMILLS-BE,4,-1537.7773678577303,-384.44434196443257,2025-11-25,2026-07-03,0.6023271731690623,-24.21073397950526
BOSCH-HCIL,4,-1605.9798017151206,-401.49495042878016,2025-11-26,2026-06-19,0.5612594113620808,-26.795663221980337
SHREMINVIT-IV,4,-1451.0228333757743,-362.7557083439436,2025-10-20,2026-04-15,0.48459958932238195,-27.639622439380275
SAGCEM,4,-1401.3853594781617,-350.34633986954043,2026-01-08,2026-06-25,0.459958932238193,-27.982091831636346
BALKRISHNA,4,-2165.096406729683,-541.2741016824208,2025-11-18,2026-07-23,0.676249144421629,-30.288760227904444
ANYA-SM,4,-1974.929584590796,-493.732396147699,2025-11-19,2026-06-24,0.5941136208076659,-30.94895670165039
NIFTY1,4,-555.8872938152331,-138.97182345380827,2026-01-12,2026-03-09,0.15331964407939766,-31.135862862045393
STARTECK,4,-1687.3279075379157,-421.83197688447893,2025-11-14,2026-05-13,0.4928131416837782,-31.270940502026768
BAJAJFINSV,4,-787.4909248626814,-196.87273121567034,2025-12-30,2026-03-11,0.1943874058863792,-34.42368315588591
AGROPHOS,4,-1562.795498751042,-390.6988746877605,2025-11-26,2026-04-08,0.36413415468856947,-37.29191590528234
LICNETFN50,4,-286.1057746987055,-71.52644367467637,2026-01-19,2026-02-09,0.057494866529774126,-39.64202128937584
SFML-SM,4,-3133.159756981117,-783.2899392452792,2025-11-12,2026-07-13,0.6652977412731006,-43.16294343920152
LICNETFSEN,4,-994.5638083055669,-248.64095207639173,2026-01-12,2026-03-09,0.15331964407939766,-49.50302322117921
PATANJALI,4,-3664.6227400887788,-916.1556850221947,2025-11-26,2026-07-15,0.6324435318275154,-51.40754667990708
SUPERSPIN-BE,4,-1676.5090597377791,-419.1272649344448,2025-11-25,2026-02-17,0.2299794661190965,-54.973179071836206
MAHICKRA-SM,4,-567.5415819755558,-141.88539549388895,2025-12-02,2025-12-26,0.06570841889117043,-58.901810833504484
SINTERCOM,4,-715.9440547357583,-178.98601368393958,2025-11-17,2025-12-17,0.08213552361396304,-59.52311415246885
WEIZMANIND,4,-616.75277169881,-154.1881929247025,2025-11-19,2025-12-09,0.05475701574264202,-68.73203840527451
MKPL,4,-3746.7128169821262,-936.6782042455316,2025-11-24,2026-04-06,0.36413415468856947,-72.4536197089765
SHRENIK-BZ,3,3438.4950561421138,1146.1650187140378,2025-11-18,2025-12-22,0.09308692676249145,2292.354758757058
SHANTHALA-SM,3,7573.452113311322,2524.484037770441,2025-10-23,2026-02-13,0.30937713894592744,518.6596104772862
TECILCHEM,3,1183.5332790003936,394.5110930001312,2025-12-04,2025-12-29,0.06844626967830253,412.55407763857386
MEGASTAR,3,1927.084566802858,642.3615222676193,2026-01-23,2026-03-05,0.11225188227241616,380.6274806544086
ANGELONE,3,4659.994334832352,1553.3314449441175,2026-01-01,2026-04-08,0.2655715263518138,322.2511477307746
VISHNU,3,1294.385378969433,431.46179298981104,2026-03-02,2026-04-02,0.08487337440109514,319.60516245874817
SADBHAV,3,4244.112198444625,1414.7040661482085,2025-11-26,2026-02-26,0.2518822724161533,307.3326113726522
PROZONER,3,5152.770196627207,1717.5900655424023,2025-12-09,2026-04-07,0.3258042436687201,258.0875436572234
HRHNEXT-SM,3,5730.183768387074,1910.0612561290247,2025-11-06,2026-03-23,0.3750855578370979,234.58293696458617
EXXARO,3,3082.2397314908103,1027.4132438302702,2026-01-23,2026-04-16,0.2272416153319644,226.19067760920893
AERONEU,3,2701.122359413097,900.3741198043657,2026-01-09,2026-03-24,0.2026009582477755,225.49547800817535
UNIVPHOTO-BE,3,3514.816912314388,1171.6056374381294,2025-11-14,2026-02-16,0.25735797399041754,222.31535312155754
BALAJITELE,3,4160.5946590590565,1386.8648863530188,2025-12-12,2026-04-08,0.3203285420944558,196.2411775099785
MAL-SM,3,3284.3582719206975,1094.7860906402325,2025-10-27,2026-02-05,0.27652292950034224,179.2807853356047
JINDRILL,3,2869.4196261847014,956.4732087282338,2025-12-03,2026-03-04,0.24914442162902123,175.25852507250815
GALAPREC,3,3069.527813900483,1023.1759379668277,2025-12-09,2026-03-17,0.2683093771389459,171.2098026367234
APOLLOTYRE,3,957.9074746243434,319.3024915414478,2026-01-01,2026-02-04,0.09308692676249145,167.1652059311599
SIGNATURE,3,5371.903696684358,1790.6345655614525,2026-01-30,2026-07-10,0.4407939767282683,165.2263209233184
GNA,3,1061.3582274740006,353.78607582466685,2025-11-25,2026-01-02,0.10403832991101986,163.68169109347625
GLFL-BE,3,4742.356110394853,1580.7853701316178,2025-09-19,2026-02-16,0.4106776180698152,157.31221050853574
FMGOETZE,3,3051.070300192212,1017.023433397404,2025-12-18,2026-04-07,0.30116358658453113,142.10163075259845
UNIVASTU-BE,3,2162.3073976188743,720.7691325396248,2026-01-16,2026-04-08,0.2245037645448323,139.15747831629136
TREEHOUSE,3,2617.0998031680747,872.3666010560249,2025-11-13,2026-02-20,0.27104722792607805,135.76509546996118
WELSPUNLIV,3,2706.5705043284097,902.1901681094699,2026-01-08,2026-04-21,0.28199863107460643,133.82807313693687
SSFLPP-E1,3,2683.6757351652113,894.5585783884038,2026-01-22,2026-05-05,0.28199863107460643,132.3374729689645
SHAH,3,2704.2750335049977,901.4250111683326,2026-03-24,2026-07-06,0.28473648186173856,131.77895625015447
SJS,3,1933.83119345044,644.6103978168134,2026-01-22,2026-04-09,0.2108145106091718,131.3161250588385
SHRIRAMFIN,3,710.6369248419485,236.87897494731615,2026-03-09,2026-04-08,0.08213552361396304,130.67538191430748
MANORG-BE,3,3771.393730675967,1257.1312435586558,2025-11-25,2026-04-17,0.3915126625598905,126.45231076731326
ITDC,3,3254.258555474993,1084.7528518249976,2025-12-05,2026-04-10,0.34496919917864477,126.30028961362231
MACOBSTECH-SM,3,856.4261819771409,285.4753939923803,2026-03-23,2026-04-29,0.10130047912388775,125.05435072462076
BLUEWATER-ST,3,1519.3250886498674,506.44169621662246,2025-12-09,2026-02-11,0.17522245037645448,124.16407188481307
JBMA,3,2541.7152824555687,847.2384274851896,2025-12-05,2026-03-18,0.28199863107460643,123.24675705041939
NACLIND,3,3034.6867388020764,1011.5622462673588,2025-12-09,2026-04-09,0.33127994524298426,122.55742876462455
SHYAMCENT-BE,3,4219.102501003293,1406.3675003344308,2025-11-24,2026-05-05,0.44353182751540043,121.14145243353835
MMTC,3,3079.89546563802,1026.6318218793401,2025-12-12,2026-04-16,0.34223134839151265,119.13799616775025
YASHOPTICS-SM,3,3244.862347505745,1081.620782501915,2025-11-25,2026-04-06,0.3613963039014374,117.62602980661838
POONAWALLA,3,2424.4184623784818,808.1394874594939,2026-01-21,2026-05-04,0.28199863107460643,115.93046939768001
BOSCHLTD,3,3222.5236203378,1074.1745401126,2025-11-24,2026-04-08,0.36960985626283366,112.92306917653016
ZIMLAB-BE,3,1969.563942893738,656.5213142979127,2026-01-09,2026-04-08,0.243668720054757,109.1357119071386
JINDALPHOT,3,1196.4048999347622,398.8016333115874,2026-01-07,2026-03-04,0.15331964407939766,108.9807945358988
20MICRONS,3,3478.7773388337723,1159.5924462779242,2025-11-17,2026-04-16,0.4106776180698152,106.87069108841575
BANARBEADS,3,3773.968284487626,1257.989428162542,2026-01-27,2026-07-08,0.44353182751540043,105.83855242757365
IKS,3,1995.8730111147784,665.2910037049261,2026-01-27,2026-04-30,0.2546201232032854,104.35781720775337
PARAMOUNT-ST,3,6237.595718972902,2079.1985729909675,2025-09-01,2026-05-08,0.6817248459958932,103.61392181216868
MVGJL,3,2539.397720986007,846.4659069953356,2025-12-19,2026-04-15,0.3203285420944558,102.67474142087613
CENTRALBK,3,1149.0842479484102,383.02808264947004,2025-12-08,2026-02-03,0.15605749486652978,100.77230416351296
SALSTEEL-BE,3,2591.5073883713662,863.8357961237888,2026-03-24,2026-07-23,0.33127994524298426,100.49064977922559
SAMPANN,3,1868.249103878844,622.749701292948,2026-02-24,2026-05-25,0.2464065708418891,100.3945168092899
ADANIPOWER,3,1941.7261832202462,647.2420610734154,2025-12-08,2026-03-12,0.25735797399041754,99.27595982951574
SPECTRUM,3,3657.069746893172,1219.0232489643906,2025-11-26,2026-05-11,0.4544832306639288,98.53054305318993
SHERA-ST,3,2518.013256116244,839.337752038748,2025-12-09,2026-04-08,0.32854209445585214,98.0949459557394
GVT&D,3,1313.9460509883313,437.9820169961104,2025-11-24,2026-01-29,0.1806981519507187,98.01829782421127
JTEKTINDIA,3,2712.074655470732,904.0248851569107,2025-12-05,2026-04-15,0.3586584531143053,95.24185355061033
PRATHAM-SM,3,1346.254258285377,448.75141942845903,2026-01-28,2026-04-07,0.188911704312115,95.14641479658555
PENTAGON-SM,3,5692.484458849158,1897.494819616386,2025-08-06,2026-04-10,0.676249144421629,94.70545613201004
BANSWRAS,3,2482.358877726221,827.4529592420737,2025-12-08,2026-04-09,0.33401779603011633,94.22181420960601
ADVENZYMES,3,1969.9245435481857,656.6415145160619,2025-12-30,2026-04-08,0.27104722792607805,94.13774675434024
MAHAPEXLTD,3,2173.3340403632164,724.4446801210721,2025-11-17,2026-03-06,0.29842573579739906,93.28596248071635
PAISALO,3,2458.624175023507,819.5413916745024,2025-11-14,2026-03-16,0.33401779603011633,93.11826420979787
MODIS,3,640.2046757076657,213.40155856922192,2026-03-04,2026-04-08,0.09582477754962354,91.09191549959502
FLUOROCHEM,3,2651.203620990768,883.734540330256,2025-11-26,2026-04-08,0.36413415468856947,90.75618204872657
TREL,3,2856.342697162785,952.114232387595,2025-11-17,2026-04-09,0.3915126625598905,89.97974852514025
MAMATA,3,1740.0449461018345,580.0149820339449,2026-01-13,2026-04-15,0.2518822724161533,89.05863516933155
RPPL,3,3449.453100762619,1149.8177002542063,2025-11-18,2026-05-08,0.4681724845995893,88.32525437803788
ISGEC,3,1421.5107890233598,473.8369296744533,2025-11-25,2026-02-10,0.2108145106091718,87.85037001801015
MODISONLTD-BE,3,3019.4271172775007,1006.4757057591669,2025-11-13,2026-04-16,0.4216290212183436,86.97504698199099
SADHAV-SM,3,2728.008656303856,909.3362187679519,2025-11-12,2026-04-02,0.3860369609856263,86.7988402247758
IIFLCAPS,3,3371.1867180489994,1123.7289060163332,2026-02-01,2026-07-22,0.4681724845995893,85.99214090735173
MSTCLTD,3,2695.494656865895,898.4982189552984,2025-11-26,2026-04-16,0.3860369609856263,85.56524538159825
BLBLIMITED,3,4040.9138331693134,1346.9712777231045,2025-12-11,2026-07-01,0.5530458590006845,84.72073399751565
AMEYA-SM,3,2038.2268764005048,679.4089588001683,2025-11-14,2026-03-05,0.30390143737166325,84.11715309786474
CADSYS-ST,3,4602.605903355139,1534.2019677850465,2025-09-10,2026-04-27,0.6269678302532512,82.92069438117733
PVRINOX,3,2781.2398130163015,927.0799376721005,2025-11-25,2026-04-23,0.4079397672826831,82.49327316062696
AGRITECH-BE,3,4057.5955682992435,1352.5318560997478,2025-11-13,2026-06-08,0.5667351129363449,82.3845166253382
NGIL-BE,3,2373.234159286176,791.078053095392,2025-12-01,2026-04-10,0.35592060232717315,81.9040259564161
GMRP&UI,3,2215.6952771909723,738.5650923969907,2025-12-08,2026-04-10,0.33675564681724846,81.1776519962818
KANDARP-SM,3,600.9671106114137,200.32237020380455,2026-03-12,2026-04-17,0.09856262833675565,80.78029387785041
BLS,3,1453.3071367912644,484.4357122637548,2026-01-14,2026-04-08,0.2299794661190965,80.40318974876332
FLYSBS-SM,3,2296.6357258986045,765.5452419662015,2025-12-09,2026-04-17,0.3531827515400411,79.56452214390262
DRREDDY,3,1563.7380682019664,521.2460227339888,2026-01-22,2026-04-23,0.24914442162902123,79.1676995481724
ANUP,3,2345.20901844298,781.7363394809933,2025-12-04,2026-04-15,0.3613963039014374,79.13496493998706
GHCLTEXTIL,3,2128.1447637830847,709.3815879276949,2025-12-04,2026-04-06,0.33675564681724846,77.34886358502797
SOBHA,3,2592.2913355080063,864.0971118360021,2025-12-09,2026-05-05,0.4024640657084189,77.30855549210747
KILITCH-BE,3,2357.305032089378,785.7683440297927,2025-12-09,2026-04-23,0.36960985626283366,77.2984172809297
HCL-INSYS,3,2201.623573427489,733.8745244758297,2025-12-02,2026-04-08,0.34770704996577684,77.22938148175247
ASTEC,3,350.168968993798,116.72298966459933,2026-03-19,2026-04-10,0.06023271731690623,77.07672139307948
SARLAPOLY,3,2173.323300188765,724.4411000629217,2025-12-09,2026-04-15,0.34770704996577684,76.04974007772876
HOMEFIRST,3,2671.0048585035397,890.3349528345133,2025-11-13,2026-04-15,0.4188911704312115,75.96901411048533
AYMSYNTEX,3,1172.0550560922577,390.68501869741925,2025-11-21,2026-02-01,0.1971252566735113,75.45875323459343
MFSL,3,1337.9584863164157,445.9861621054719,2026-01-22,2026-04-15,0.2272416153319644,73.77457991718244
HARSHA,3,2183.639732467376,727.8799108224586,2025-12-04,2026-04-15,0.3613963039014374,72.72253056062536
TRIGYN,3,3036.5650085567904,1012.1883361855968,2026-01-12,2026-07-13,0.49828884325804246,70.26183322581257
RAJMET,3,2478.1728224397266,826.0576074799088,2025-11-14,2026-04-15,0.4161533196440794,70.23429193581387
SACHEEROME-SM,3,811.7705796375612,270.59019321252043,2026-02-12,2026-04-07,0.14784394250513347,69.5408417612907
ALICON,3,1904.383868522495,634.7946228408317,2025-12-18,2026-04-20,0.33675564681724846,67.80798794906539
KDDL,3,2191.1325055920606,730.3775018640202,2025-11-19,2026-04-08,0.38329911019849416,67.68058665241902
IPHL-SM,3,2461.013561216223,820.337853738741,2025-11-11,2026-04-17,0.42984257357973993,66.83936248173958
KKCL,3,2297.4867243556632,765.8289081185544,2025-11-13,2026-04-10,0.405201916495551,66.59358967140886
MYMUDRA-SM,3,3712.7534004601466,1237.5844668200489,2025-12-08,2026-07-22,0.6187542778918549,66.57663693333053
PARAS,3,1654.411502515146,551.470500838382,2025-12-09,2026-04-01,0.30937713894592744,64.02755525730663
JSL,3,2304.165080156985,768.055026718995,2026-02-17,2026-07-21,0.4216290212183436,63.52399073984139
PRAKASHSTL,3,3521.3960386089984,1173.7986795363329,2025-11-19,2026-07-03,0.6187542778918549,62.8360313257772
MEDICO,3,2095.3310499992313,698.443683333077,2026-01-02,2026-05-25,0.3915126625598905,62.5630858775718
POKARNA,3,2329.3691065895655,776.4563688631885,2026-01-08,2026-06-15,0.432580424366872,62.26646637018875
UFO,3,1628.0550735449222,542.6850245149741,2026-01-20,2026-05-15,0.31485284052019163,61.45674116781308
ASAHIINDIA,3,1894.5240434190282,631.5080144730094,2026-01-12,2026-05-27,0.36960985626283366,59.902656873107965
KSOLVES,3,1771.1438960238663,590.3812986746221,2025-11-26,2026-04-02,0.34770704996577684,59.835548631075056
ZENITHSTL,3,2729.00123005956,909.66707668652,2026-01-14,2026-07-22,0.5174537987679672,59.41133478712999
MPTODAY-SM,3,3637.413599978144,1212.4711999927147,2024-10-24,2025-06-25,0.6680355920602327,59.10502014908501
SOUTHWEST,3,2712.768323343288,904.256107781096,2026-01-13,2026-07-21,0.5174537987679672,59.01869775446569
CEIGALL,3,1631.9976433097663,543.9992144365888,2025-11-25,2026-03-25,0.32854209445585214,58.42922306633363
BVCL,3,1912.7655383769065,637.5885127923021,2025-11-27,2026-04-15,0.3805612594113621,58.39378246343059
KMSUGAR,3,1031.9733594417723,343.9911198139241,2025-11-26,2026-02-12,0.2135523613963039,58.391485601048096
HAVELLS,3,1835.8712623705665,611.9570874568554,2025-12-09,2026-04-22,0.3668720054757016,58.31616504630546
SOTAC-SM,3,5278.314145918024,1759.4380486393413,2025-03-10,2026-02-10,0.9226557152635181,58.30917713142006
FACT,3,1254.4373140657817,418.1457713552606,2025-12-03,2026-03-11,0.2683093771389459,55.340910833543376
DEEM-ST,3,3320.689655172415,1106.8965517241384,2025-10-06,2026-06-01,0.6516084873374401,55.27682507544289
MUKKA,3,1562.299687926582,520.766562642194,2025-12-09,2026-04-09,0.33127994524298426,54.99046292851448
KIRLPNU,3,1603.7160909834552,534.5720303278184,2025-12-03,2026-04-06,0.3394934976043806,54.97973321137093
SMALLADD,3,427.36453878243054,142.45484626081017,2026-03-04,2026-04-08,0.09582477754962354,54.76205242012677
VALIANTLAB-BE,3,2102.9237163149382,700.9745721049794,2025-11-14,2026-04-23,0.4380561259411362,54.604810855349385
VIJAYA,3,1535.4618584247723,511.8206194749241,2025-12-16,2026-04-15,0.32854209445585214,54.461053761729694
JSLL,3,2651.2510445785665,883.7503481928555,2025-11-14,2026-06-03,0.5503080082135524,53.31805104707583
KATARIA-SM,3,1504.2423784927953,501.4141261642651,2025-12-08,2026-04-08,0.33127994524298426,52.653134679755475
MICEL-BE,3,1068.4413193694004,356.1471064564668,2026-01-12,2026-04-10,0.24093086926762491,52.399620993320454
REDTAPE,3,1494.6299360374974,498.2099786791658,2025-12-08,2026-04-08,0.33127994524298426,52.26843660840501
IRISDOREME,3,1467.9629424116567,489.32098080388556,2025-12-01,2026-03-30,0.3258042436687201,52.258971409610666
PREMIERPOL,3,2408.525367417621,802.841789139207,2025-11-14,2026-05-21,0.5147159479808351,52.08323660727812
ASHALOG-SM,3,1276.0233757682186,425.34112525607287,2025-12-22,2026-04-08,0.2929500342231348,50.6735691786244
TROM-ST,3,1734.1221111447703,578.0407037149234,2025-11-13,2026-04-07,0.39698836413415467,49.60416175377696
DENTALKART-SM,3,691.7466611088792,230.58222036962638,2025-11-13,2026-01-13,0.16700889801505817,49.25703237252659
LLOYDSME,3,943.1557891869221,314.3852630623074,2025-11-13,2026-02-04,0.2272416153319644,48.67944818686234
RELIGARE,3,2126.619004308107,708.8730014360357,2025-11-25,2026-05-22,0.487337440109514,48.53578971285077
MENONBE-BE,3,1489.5650128266432,496.52167094221437,2025-12-02,2026-04-10,0.3531827515400411,48.164205134557015
DEEPAKNTR,3,2689.679510635106,896.5598368783686,2025-12-05,2026-07-15,0.6078028747433265,47.98043002374725
GLOSTERLTD,3,1842.152858787655,614.0509529292184,2025-11-19,2026-04-27,0.4353182751540041,47.462876581561716
VOLTAS,3,1764.4469789862915,588.1489929954305,2025-11-13,2026-04-16,0.4216290212183436,47.020611236405244
SIGIND,3,2352.9789983560972,784.3263327853657,2025-11-25,2026-06-15,0.5530458590006845,46.53409480226611
ALBERTDAVD,3,858.4550930487012,286.1516976829004,2026-01-20,2026-04-09,0.216290212183436,46.34253982994216
BBOX,3,1331.1525652535684,443.71752175118945,2025-12-11,2026-04-10,0.32854209445585214,46.28397479938795
ARHAM-SM,3,2053.7605306027303,684.5868435342435,2026-01-21,2026-07-20,0.4928131416837782,46.086872979281424
KAUSHALYA-BE,3,1771.9329506679069,590.6443168893023,2026-01-22,2026-06-29,0.432580424366872,45.80735789398722
ASTRAL,3,1632.8981473361587,544.2993824453862,2025-12-30,2026-05-26,0.4024640657084189,45.61777357061716
POLYCAB,3,668.7653498383715,222.92178327945717,2025-12-02,2026-02-03,0.17248459958932238,45.54430234801854
POWERMECH,3,1330.143719117148,443.38123970571604,2025-12-09,2026-04-10,0.33401779603011633,45.335879090873796
STUDDS,3,1500.6202447953822,500.2067482651274,2026-01-22,2026-06-09,0.37782340862423,44.78159044676553
DEEPINDS,3,2458.9965345741793,819.6655115247264,2025-12-11,2026-07-17,0.5968514715947981,44.53663298252144
SYMPHONY,3,1736.7262012247427,578.9087337415809,2025-11-19,2026-04-28,0.4380561259411362,44.13275900412024
ADFFOODS,3,583.5106872155023,194.50356240516746,2025-12-09,2026-02-04,0.15605749486652978,43.82184727662204
JWL,3,1824.7020484852333,608.2340161617444,2025-11-17,2026-05-05,0.46269678302532513,43.65385844269427
SHIVATEX,3,1470.2086535163744,490.0695511721248,2025-12-11,2026-04-29,0.3805612594113621,43.39546750752628
ITALIANE-SM,3,1799.307277445996,599.7690924819987,2025-09-01,2026-02-19,0.4681724845995893,42.39114640286306
SIKKO,3,2085.768453804966,695.256151268322,2026-01-05,2026-07-20,0.5366187542778919,42.337646393343384
ENTERO,3,2389.4904576841386,796.4968192280462,2025-11-21,2026-07-03,0.6132785763175906,41.81792294336588
RPGLIFE,3,1661.8956046059445,553.9652015353148,2025-11-20,2026-04-30,0.4407939767282683,41.7342244720941
EIFFL-BE,3,1738.788980897698,579.5963269658993,2025-12-03,2026-05-20,0.459958932238193,41.699560923136424
SOLARA,3,2573.578703751209,857.8595679170697,2025-11-24,2026-07-23,0.6598220396988365,41.49332552005882
LPDC,3,1461.389871899988,487.129957299996,2025-11-14,2026-04-08,0.39698836413415467,40.999210283185626
EICHERMOT,3,1382.4918661343754,460.8306220447918,2026-01-28,2026-06-15,0.37782340862423,40.878782987497516
TBZ,3,1821.119955709852,607.0399852366173,2025-11-28,2026-05-29,0.49828884325804246,39.89953719580242
APEXECO-ST,3,870.0614890582926,290.0204963527642,2026-01-16,2026-04-17,0.24914442162902123,39.77377523382917
INSECTICID,3,1499.425297971735,499.808432657245,2025-11-14,2026-04-16,0.4188911704312115,39.58842398685791
PHOGLOBAL-SM,3,3037.8140432448427,1012.6046810816142,2025-10-03,2026-07-22,0.7994524298425736,39.34924252137875
BIOFILCHEM,3,633.8677720445735,211.28925734819117,2025-11-25,2026-02-01,0.1861738535249829,39.11288903256904
INDSWFTLAB,3,1843.8355249997544,614.6118416665848,2025-11-21,2026-05-29,0.5174537987679672,38.68417808064013
FAIRCHEMOR-BE,3,2208.659406482277,736.2198021607591,2025-11-18,2026-07-01,0.6160164271047228,38.258237982108525
ASTRAZEN,3,1001.3213094916991,333.7737698305664,2025-12-26,2026-04-13,0.29568788501026694,38.090619213323194
CAPLIPOINT,3,1194.1090240311203,398.03634134370674,2025-12-09,2026-04-17,0.3531827515400411,37.628613295255796
NIBL,3,1973.3729485984609,657.7909828661536,2025-12-09,2026-07-03,0.5639972621492129,37.620277385637245
SPCL-SM,3,1436.9198581379342,478.97328604597806,2025-11-14,2026-04-17,0.4216290212183436,37.497481944082864
TRAVELFOOD,3,1851.3707352345384,617.1235784115128,2025-11-13,2026-05-27,0.5338809034907598,37.459333009846276
TVSHLTD,3,1693.1718412007558,564.3906137335853,2025-12-31,2026-07-02,0.5010266940451745,36.64264274393663
SOMICONVEY,3,674.7516426595084,224.91721421983615,2025-11-24,2026-02-09,0.2108145106091718,36.306106169456534
BIOCON,3,987.0883305519618,329.0294435173206,2026-01-12,2026-05-06,0.31211498973305957,35.202820011793776
GLAXO,3,1841.6786769789214,613.8928923263071,2025-11-19,2026-06-19,0.5804243668720055,33.80799547692155
ICICIGI,3,1304.8404491943556,434.94681639811853,2026-01-12,2026-06-16,0.4243668720054757,33.51039143903214
NHPC,3,1733.4500346033915,577.8166782011305,2025-12-01,2026-06-22,0.5557837097878165,33.32604953727514
GANESHHOU,3,1883.7438165032654,627.9146055010884,2025-11-25,2026-07-03,0.6023271731690623,33.180144326174066
UNITDSPR,3,866.9896611109621,288.996553703654,2026-01-05,2026-04-21,0.29021218343600275,33.17528407722126
KICL,3,744.5576295212326,248.18587650707752,2026-01-13,2026-04-15,0.2518822724161533,32.990889961204296
SMCGLOBAL,3,2093.3636958997968,697.7878986332656,2025-11-14,2026-07-16,0.6680355920602327,32.9128407167397
TVSMOTOR,3,1895.647693032377,631.8825643441256,2025-11-14,2026-06-25,0.6105407255304586,32.88549654264323
PARTYCRUS-SM,3,1044.0239327724241,348.007977590808,2025-11-10,2026-03-18,0.35044490075290896,32.759172266389754
SILLYMONKS,3,1588.6200595824553,529.5400198608185,2026-01-09,2026-07-20,0.5256673511293635,32.37633436102554
SPANDANA,3,836.2001726121678,278.7333908707226,2026-01-19,2026-05-04,0.2874743326488706,32.22762630237423
TEXRAIL,3,1264.3921662622793,421.46405542075973,2025-12-09,2026-05-14,0.4271047227926078,32.14957459269472
SUNREST-SM,3,2926.779803066434,975.5932676888114,2025-03-19,2026-02-19,0.9226557152635181,32.07978468154684
JAYESH-SM,3,1002.5675382818248,334.18917942727495,2026-02-12,2026-06-19,0.34770704996577684,31.624342436104524
HINDOILEXP,3,1138.50608003494,379.5020266783133,2025-11-13,2026-04-07,0.39698836413415467,31.206533915803035
SOLARINDS,3,1036.006156954887,345.335385651629,2025-11-25,2026-04-07,0.36413415468856947,31.09069671865634
SRM,3,1701.1164250354689,567.0388083451563,2025-12-09,2026-07-10,0.5831622176591376,30.91680751670909
BEL,3,1442.578374596882,480.8594581989607,2025-12-15,2026-06-18,0.5065023956194388,30.480361406801283
MANINFRA,3,1209.4176258230182,403.13920860767274,2025-11-17,2026-04-24,0.432580424366872,30.20317531347625
BHAGCHEM,3,1003.1989617005232,334.3996539001744,2025-12-09,2026-04-21,0.36413415468856947,30.023265851801263
MAHSEAMLES,3,580.9821833709219,193.6607277903073,2025-12-09,2026-02-26,0.216290212183436,29.835622624945767
GUJAPOLLO,3,647.6564455623019,215.88548185410062,2025-12-11,2026-03-11,0.2464065708418891,29.00482021901891
GUFICBIO,3,1459.8554275871008,486.61847586236695,2025-11-14,2026-05-29,0.5366187542778919,28.908493464064968
EIDPARRY,3,217.63513552972535,72.54504517657512,2025-12-08,2026-01-08,0.08487337440109514,28.875009778269156
BBL,3,935.6412580733584,311.88041935778614,2025-12-08,2026-04-16,0.3531827515400411,28.820043794533223
PKTEA,3,1779.3835629032988,593.1278543010995,2025-11-13,2026-07-08,0.648870636550308,28.709254153423934
LICI,3,950.0462975490152,316.68209918300505,2025-12-01,2026-04-15,0.36960985626283366,27.832728028590758
LTF,3,677.18504522474,225.72834840824666,2026-01-19,2026-04-27,0.2683093771389459,27.661381958305363
ANTHEM,3,1775.0015404685576,591.6671801561859,2025-11-20,2026-07-23,0.6707734428473648,27.582108862736643
SUNDRMBRAK-BE,3,1019.8278628421225,339.94262094737417,2025-11-13,2026-04-09,0.4024640657084189,27.289181440200938
FINPIPE,3,950.7783425655068,316.92611418850225,2025-12-03,2026-04-20,0.37782340862423,27.174662647769267
KOTAKBANK,3,943.6881869210731,314.56272897369104,2026-01-28,2026-06-15,0.37782340862423,26.956846053642323
ANUHPHR,3,558.9854331794656,186.32847772648856,2026-01-13,2026-04-08,0.2327173169062286,26.329839145161273
SHEEL-ST,3,1227.1479773977014,409.0493257992338,2025-12-19,2026-06-18,0.49555099247091033,26.31110132597683
HCC,3,930.5605593204766,310.18685310682554,2025-11-27,2026-04-16,0.38329911019849416,26.129116043969525
VR-SM,3,2187.91109507869,729.3036983595633,2025-06-06,2026-04-15,0.8569472963723477,25.971906374388176
IREDA,3,955.317506955752,318.43916898525066,2025-11-26,2026-04-22,0.4024640657084189,25.445739895598575
GOACARBON,3,1627.428983511261,542.4763278370871,2025-11-21,2026-07-23,0.6680355920602327,25.32111830063377
ARVSMART,3,706.4603420238926,235.48678067463086,2025-11-19,2026-03-10,0.30390143737166325,25.18464943199248
KABRAEXTRU,3,489.92842101932683,163.30947367310895,2025-11-17,2026-02-03,0.2135523613963039,25.10404208578243
ABB,3,456.78533849849873,152.26177949949957,2025-11-17,2026-01-29,0.1998631074606434,25.04242736909066
MODEFENCE,3,789.5613998455455,263.1871332818485,2025-12-04,2026-04-08,0.34223134839151265,24.86395207544043
SURANAT&P,3,980.4929607980789,326.83098693269295,2025-11-24,2026-04-27,0.4216290212183436,24.837474983432696
BANKIETF,3,920.4354035325107,306.8118011775036,2026-01-23,2026-06-18,0.3997262149212868,24.642274365597892
DEVYANI,3,1016.6895883850459,338.89652946168195,2025-11-17,2026-04-29,0.4462696783025325,24.230441933709823
CENTENKA,3,799.551607058123,266.51720235270767,2025-12-11,2026-04-21,0.3586584531143053,23.919818598459663
IPL,3,590.4935993075858,196.83119976919525,2026-01-12,2026-04-20,0.2683093771389459,23.84078667763849
DCMSHRIRAM,3,583.8283020205156,194.60943400683854,2026-01-09,2026-04-16,0.2655715263518138,23.820205605472687
RAPIDFLEET-SM,3,2037.3820564228774,679.1273521409591,2025-06-27,2026-05-11,0.8706365503080082,23.736518160418907
SUPREMEIND,3,1427.9983680839568,475.9994560279856,2025-11-26,2026-07-16,0.6351813826146475,23.38590093523503
PANACEABIO,3,931.2275322635082,310.40917742116943,2025-11-17,2026-04-22,0.4271047227926078,23.17919465045064
SECURKLOUD,3,824.3752347400938,274.7917449133646,2025-11-18,2026-04-07,0.38329911019849416,22.957365559909437
SIEMENS,3,1281.8370354448662,427.27901181495537,2025-12-12,2026-07-16,0.5913757700205339,22.623250489776446
KALYANKJIL,3,1259.7503812639293,419.9167937546431,2025-12-09,2026-07-10,0.5831622176591376,22.5634399494544
INDOUS,3,356.44308069159047,118.81436023053016,2025-11-21,2026-01-23,0.17248459958932238,22.513908578236364
AUBANK,3,257.85533734467606,85.95177911489202,2026-02-23,2026-04-10,0.12594113620807665,22.402861305536238
VENUSPIPES,3,672.9789178444455,224.3263059481485,2025-12-11,2026-04-08,0.32306639288158795,22.335832010502287
UTIAMC,3,863.1243312836385,287.7081104278795,2025-11-17,2026-04-21,0.4243668720054757,21.54179026393692
RATNAMANI,3,380.6469689718603,126.8823229906201,2025-11-21,2026-01-30,0.19164955509924708,21.522505180875285
BANSALWIRE,3,587.6628908049463,195.88763026831543,2025-12-29,2026-04-15,0.2929500342231348,21.52242662642645
COMMOIETF,3,654.0593102845183,218.01977009483946,2025-12-09,2026-04-08,0.32854209445585214,21.268810162989716
OMAXE,3,794.7848822480894,264.9282940826965,2025-11-14,2026-04-08,0.39698836413415467,21.245296793214074
NV20,3,130.64417193839228,43.548057312797425,2026-02-02,2026-02-27,0.06844626967830253,20.880839766497882
TRF,3,691.0801681828178,230.36005606093929,2025-12-05,2026-04-16,0.3613963039014374,20.310643051291578
TNPETRO,3,810.5741476694689,270.1913825564896,2026-01-19,2026-06-23,0.4243668720054757,20.160842524444256
LODHA,3,1111.6236073705286,370.5412024568429,2025-12-04,2026-07-03,0.5776865160848734,20.017021020452795
PRECAM,3,797.7087445861188,265.9029148620396,2025-12-04,2026-05-08,0.4243668720054757,19.82414067610754
VINEETLAB-BE,3,948.4489855087597,316.14966183625324,2026-01-12,2026-07-14,0.5010266940451745,19.824028647170145
MATRIMONY,3,1151.7830717647698,383.9276905882566,2025-11-24,2026-07-03,0.6050650239561944,19.742039978342497
LICNMID100,3,463.84776544589346,154.6159218152978,2026-01-12,2026-04-16,0.25735797399041754,19.265190744540273
SUMICHEM,3,1151.709484946051,383.90316164868364,2025-11-13,2026-07-03,0.6351813826146475,18.722264131226083
ESENSEX,3,553.3647411230638,184.45491370768795,2026-02-20,2026-06-15,0.31485284052019163,18.656541523447
BANKBETF,3,795.6648069970178,265.2216023323393,2026-01-23,2026-07-08,0.4544832306639288,18.3473878639139
VESUVIUS,3,688.7638961324999,229.58796537749996,2025-11-20,2026-04-15,0.3997262149212868,18.13218680986346
PAYTM,3,850.5209640018404,283.5069880006135,2026-01-12,2026-07-10,0.49007529089664614,18.123696395553203
HDFCVALUE,3,113.8713272242961,37.95710907476536,2026-02-01,2026-02-26,0.06844626967830253,17.989555638290256
KALYANIFRG,3,1048.6021962631462,349.53406542104875,2025-11-24,2026-07-09,0.621492128678987,17.403985716881685
CHOICEIN,3,946.9553219533923,315.6517739844641,2025-12-04,2026-07-02,0.5749486652977412,17.042167170840305
JKCEMENT,3,950.6128644937619,316.870954831254,2025-11-17,2026-06-17,0.5804243668720055,16.935821404431305
MID150BEES,3,400.6994180945354,133.56647269817847,2026-01-12,2026-04-16,0.25735797399041754,16.492745215192905
KHFM-SM,3,1173.612814600401,391.20427153346697,2025-09-19,2026-06-12,0.7282683093771389,16.459691554576917
HYUNDAI,3,162.48403381269793,54.161344604232646,2026-01-12,2026-02-20,0.10677618069815195,16.293792498585514
RELAXO,3,913.230459433642,304.41015314454734,2025-11-25,2026-06-25,0.5804243668720055,16.248920019712298
APOLSINHOT,3,736.0393842858603,245.34646142862007,2025-12-04,2026-05-29,0.48186173853524983,15.880473665942807
HESTERBIO,3,494.13315030511103,164.71105010170368,2025-12-17,2026-04-17,0.33127994524298426,15.672257926678789
TATACONSUM,3,330.18319693673953,110.06106564557984,2026-01-30,2026-04-22,0.2245037645448323,15.56888451334444
VISHWAS-ST,3,1075.6492872485849,358.54976241619494,2025-08-13,2026-05-07,0.731006160164271,14.999529114395017
GROWWRAIL,3,629.6944202744662,209.89814009148873,2025-11-26,2026-05-06,0.4407939767282683,14.859237901257782
GULFOILLUB,3,310.75990684959095,103.58663561653032,2025-11-20,2026-02-09,0.22176591375770022,14.797147131421372
SUPREMEINF,3,866.1912856006102,288.7304285335367,2025-11-21,2026-06-30,0.6050650239561944,14.716415525695181
ALIVUS,3,346.8410555378157,115.6136851792719,2025-12-03,2026-03-04,0.24914442162902123,14.66596074203843
MOPSE,3,466.4261425239385,155.47538084131284,2025-12-04,2026-04-08,0.34223134839151265,14.24862006494536
PUSHPA-SM,3,913.9803955044915,304.6601318348305,2025-11-18,2026-07-17,0.6598220396988365,14.173621936736168
GROWWMETAL,3,434.16574326391657,144.7219144213055,2026-03-19,2026-07-15,0.32306639288158795,14.059886347041628
UNICHEMLAB,3,723.5519514144021,241.1839838048007,2025-11-25,2026-06-11,0.5420944558521561,13.753726919691633
DIGIKORE-SM,3,637.7946632910894,212.59822109702978,2025-11-19,2026-05-21,0.5010266940451745,13.134004204348916
DELTACORP,3,545.4087182882515,181.80290609608383,2025-11-13,2026-04-22,0.4380561259411362,12.888435967405831
RCOM-BE,3,470.8344815051496,156.9448271683832,2025-11-20,2026-04-09,0.38329911019849416,12.753432071253279
JAYSREETEA,3,391.74340003678867,130.58113334559621,2025-12-11,2026-04-08,0.32306639288158795,12.630574504028825
MOMGF,3,263.011974465613,87.67065815520432,2026-01-22,2026-04-13,0.22176591375770022,12.41937252530214
RITES,3,694.7481903265684,231.58273010885614,2025-11-25,2026-07-01,0.5968514715947981,11.911334569957166
GRSE,3,362.11385299674834,120.70461766558277,2025-12-09,2026-04-08,0.32854209445585214,11.434827471809307
WANBURY,3,217.57195459600166,72.52398486533389,2025-11-18,2026-02-01,0.2053388090349076,11.051217019094839
DCI,3,153.4204395394887,51.140146513162904,2025-12-11,2026-02-03,0.14784394250513347,10.84735554025773
INDUSINVIT-IV,3,435.8141921307798,145.27139737692661,2025-12-17,2026-05-18,0.4161533196440794,10.79446349166644
RAINBOW,3,308.4257175223064,102.80857250743547,2025-12-18,2026-04-07,0.30116358658453113,10.6125958412157
INDGN,3,647.7849150397999,215.92830501326662,2025-11-19,2026-07-10,0.6379192334017796,10.339633674280147
TRIDENT,3,371.694182586451,123.89806086215033,2025-12-09,2026-04-27,0.3805612594113621,10.064744502791378
ACE,3,355.9195747104584,118.63985823681946,2025-11-24,2026-04-08,0.36960985626283366,9.924320014118004
MAFANG,3,376.879563610574,125.62652120352466,2025-11-21,2026-04-17,0.4024640657084189,9.627881218338107
MASPTOP50,3,374.081974749416,124.69399158313867,2025-11-21,2026-04-16,0.3997262149212868,9.622953705739533
DRCSYSTEMS,3,333.9093835841875,111.30312786139582,2025-11-25,2026-04-08,0.3668720054757016,9.36587040274517
REDINGTON,3,358.2291048510176,119.40970161700587,2026-01-16,2026-06-18,0.4188911704312115,8.765313213533954
INFRAIETF,3,243.82270966844692,81.27423655614898,2026-01-08,2026-04-28,0.30116358658453113,8.32751311435973
PGINVIT-IV,3,177.80374291601987,59.26791430533996,2025-12-03,2026-02-26,0.2327173169062286,7.867347254288526
SURAJLTD,3,505.7675736850084,168.58919122833615,2025-11-25,2026-07-21,0.6516084873374401,7.865969816537888
SUPRIYA,3,237.47769672541642,79.15923224180547,2026-01-21,2026-05-19,0.32306639288158795,7.5352113784697305
MEDANTA,3,295.60950655769193,98.5365021858973,2025-11-17,2026-04-15,0.4079397672826831,7.402535748994188
GICHSGFIN,3,61.65852189991378,20.552840633304594,2025-11-14,2025-12-16,0.08761122518822724,7.268123543241978
NAZARA,3,271.11101388501925,90.37033796167309,2025-11-24,2026-04-17,0.3942505133470226,7.0205331104143065
TIL,3,182.5601439314305,60.853381310476834,2025-11-13,2026-02-19,0.2683093771389459,6.975247484676994
CYIENT,3,81.18641163527968,27.062137211759893,2025-12-29,2026-02-12,0.12320328542094455,6.783181219796375
GRASIM,3,266.8312007814981,88.9437335938327,2025-11-25,2026-04-22,0.405201916495551,6.71464084098361
VOLERCAR-SM,3,329.6983084500398,109.89943615001327,2025-11-21,2026-06-09,0.5475701574264202,6.1029718238047925
EMAMIREAL-BE,3,232.3036807597473,77.4345602532491,2025-11-25,2026-04-16,0.3887748117727584,6.084873963354953
BBTCL,3,89.9870193912119,29.99567313040397,2026-02-09,2026-04-07,0.15605749486652978,5.9084479067051054
GILT5BETA,3,86.34293054852216,28.780976849507386,2026-05-26,2026-07-21,0.15331964407939766,5.767584544994553
CANFINHOME,3,116.93502175731325,38.978340585771086,2026-02-02,2026-04-21,0.2135523613963039,5.594847958182947
KRIDHANINF-BE,3,160.4813487632955,53.4937829210985,2025-11-14,2026-03-02,0.29568788501026694,5.531891153308699
UPL,3,246.33817074608726,82.11272358202909,2026-01-27,2026-07-16,0.4654346338124572,5.367610445865578
MADHAVBAUG-ST,3,168.82558802236724,56.27519600745575,2025-12-18,2026-04-28,0.3586584531143053,4.778507368151308
TVTODAY,3,221.71940616208968,73.90646872069657,2025-11-13,2026-06-25,0.6132785763175906,3.640517791053921
SENSEXADD,3,84.55393290524117,28.184644301747056,2026-01-09,2026-04-08,0.243668720054757,3.5158425550599004
MIDCAPADD,3,33.301123745987944,11.10037458199598,2026-03-04,2026-04-13,0.10951403148528405,3.0823059020321564
IDEALTECHO-SM,3,280.25671306810614,93.41890435603538,2025-06-30,2026-07-22,1.0595482546201231,2.642995677943083
AVANTEL,3,97.1396458066414,32.37988193554713,2025-11-24,2026-04-10,0.3750855578370979,2.6108015423715214
MAXESTATES,3,92.35165298715856,30.783884329052853,2025-12-05,2026-04-15,0.3586584531143053,2.5962318819027885
MANBA,3,113.57737458073046,37.85912486024349,2026-01-13,2026-06-30,0.459958932238193,2.4857689048420895
NIFTYBEES,3,24.8444988089484,8.2814996029828,2025-12-18,2026-02-03,0.12867898699520877,1.947052847838715
AGARWALEYE,3,81.57843069202886,27.192810230676287,2025-12-09,2026-05-22,0.4490075290896646,1.825960781269953
BIRLAMONEY,3,41.12207508038864,13.707358360129547,2025-12-09,2026-04-17,0.3531827515400411,1.168717841067557
SWARAJ-SM,3,13.346409655982143,4.448803218660714,2026-05-18,2026-06-29,0.11498973305954825,1.1666399119918403
GANGABATH-SM,3,72.8314972741477,24.277165758049232,2025-11-20,2026-07-23,0.6707734428473648,1.087722129506985
AMDIND,3,44.70992694952622,14.903308983175407,2025-12-04,2026-07-21,0.6269678302532512,0.7140614932753531
SENSEXIETF,3,4.52349902212319,1.5078330073743966,2026-01-09,2026-02-03,0.06844626967830253,0.6629214381381754
EQUAL50,3,10.069496903856702,3.356498967952234,2026-01-22,2026-04-29,0.2655715263518138,0.379691510254232
DOMS,3,1.6356580273736654,0.5452193424578885,2026-01-12,2026-02-05,0.06570841889117043,0.24921637934220975
AONELIQUID,3,6.629630910804034,2.209876970268011,2025-12-19,2026-06-08,0.4681724845995893,0.1416599138308161
PETRONET,3,-23.011931706324503,-7.670643902108168,2025-12-11,2026-06-15,0.5092402464065708,-0.45138644447210163
RAJSREESUG,3,-31.20688361636303,-10.402294538787677,2025-11-24,2026-04-23,0.4106776180698152,-0.758186926582971
AMBUJACEM,3,-28.737786334835107,-9.579262111611703,2025-11-25,2026-02-09,0.2080766598220397,-1.3735827105130105
NAHARSPING-BE,3,-22.77178827377361,-7.590596091257869,2025-12-09,2026-02-04,0.15605749486652978,-1.4502374369297022
MOBIKWIK,3,-85.6854622035662,-28.56182073452207,2025-12-01,2026-04-21,0.3860369609856263,-2.2045195449341914
RATEGAIN,3,-89.77114917767426,-29.923716392558088,2026-01-12,2026-05-11,0.3258042436687201,-2.7298599551326963
AUTOIETF,3,-81.70700769888265,-27.235669232960884,2026-01-20,2026-05-07,0.2929500342231348,-2.76171529594591
ARIHANTACA-SM,3,-103.94037851419802,-34.646792838066006,2026-01-16,2026-05-07,0.30390143737166325,-3.3796681956882013
AZAD,3,-59.781478533008794,-19.92715951100293,2025-12-09,2026-02-10,0.17248459958932238,-3.416574386696003
ADANIENT,3,-132.8796701346189,-44.2932233782063,2025-11-28,2026-04-13,0.3723477070499658,-3.5288523327962174
CONCOR,3,-156.27319434628492,-52.091064782094975,2025-11-18,2026-04-17,0.4106776180698152,-3.762682399873807
RAJINDLTD-SM,3,-97.75875806410113,-32.58625268803371,2026-01-12,2026-04-13,0.24914442162902123,-3.866356064026788
UCAL,3,-152.1899862250466,-50.72999540834886,2025-12-01,2026-04-20,0.38329911019849416,-3.9220666901132795
ENDURANCE,3,-216.29806506155768,-72.09935502051923,2025-11-19,2026-04-10,0.3887748117727584,-5.469375799440379
SALZERELEC,3,-236.2131240874803,-78.7377080291601,2025-11-13,2026-04-13,0.4134154688569473,-5.6182659213111386
AUTOBEES,3,-166.6009501484741,-55.53365004949137,2026-01-22,2026-05-07,0.2874743326488706,-5.676659548386864
BRITANNIA,3,-134.88951682220662,-44.963172274068874,2026-01-28,2026-04-22,0.2299794661190965,-5.734227752764742
NIFTYBETA,3,-36.99573070467224,-12.331910234890747,2026-01-12,2026-02-03,0.06023271731690623,-5.9680171426355955
ADOR,3,-162.28994574543322,-54.096648581811074,2026-01-16,2026-04-20,0.25735797399041754,-6.159842907974522
CONSUMAXIS,3,-75.91311664051113,-25.30437221350371,2025-12-09,2026-01-20,0.11498973305954825,-6.412106518008887
CARERATING,3,-236.9133081929175,-78.9711027309725,2025-12-02,2026-04-08,0.34770704996577684,-6.663224143617718
WORTHPERI,3,-440.57696207763684,-146.85898735921228,2025-11-13,2026-06-15,0.5859000684462696,-7.402072025259621
DHARMAJ,3,-231.34704353140327,-77.11568117713442,2025-11-14,2026-03-04,0.30116358658453113,-7.4776786737901
PILANIINVS,3,-295.13279164042194,-98.37759721347398,2025-11-27,2026-04-09,0.36413415468856947,-7.897736418702905
STARCEMENT,3,-375.28812359885137,-125.09604119961712,2025-11-13,2026-04-08,0.3997262149212868,-9.125737799866274
MSCIADD,3,-133.516072615545,-44.505357538515,2026-03-02,2026-04-21,0.13689253935660506,-9.352375993352313
CAPITALSFB,3,-321.1218641757712,-107.04062139192372,2025-12-08,2026-04-08,0.33127994524298426,-9.382624225412084
ESTER,3,-391.5900456427837,-130.53001521426123,2025-11-14,2026-04-09,0.3997262149212868,-9.510309059473377
CONTROLPR,3,-440.3383627530518,-146.77945425101726,2025-11-13,2026-04-08,0.3997262149212868,-10.65447336412867
PRITIKA-SM,3,-222.77578946196786,-74.25859648732262,2025-09-12,2025-11-24,0.1998631074606434,-10.660325830718588
NILKAMAL,3,-504.4515412195219,-168.15051373984065,2025-11-18,2026-04-16,0.4079397672826831,-11.916622504359253
RETAIL,3,-754.8428570792396,-251.61428569307986,2025-12-04,2026-06-19,0.5393566050650239,-13.542428780538774
KREBSBIO,3,-482.2675136734201,-160.75583789114003,2025-12-04,2026-04-07,0.3394934976043806,-13.549198993078825
SUMEETINDS,3,-729.1799599489532,-243.05998664965105,2025-12-09,2026-06-15,0.5147159479808351,-13.678989860738522
SUTLEJTEX-BE,3,-501.34748498639715,-167.11582832879904,2025-12-08,2026-04-08,0.33127994524298426,-14.380906564860464
INNOVACAP,3,-492.6384124768889,-164.21280415896297,2025-11-14,2026-03-10,0.31759069130732376,-14.706211128542035
ROXHITECH-ST,3,-659.3662511504679,-219.7887503834893,2025-11-17,2026-04-16,0.4106776180698152,-15.303318140289923
DAMODARIND-BE,3,-695.536946512261,-231.84564883742033,2025-11-13,2026-04-17,0.4243668720054757,-15.623287482390435
SIL,3,-625.862527993403,-208.62084266446766,2025-11-26,2026-04-13,0.37782340862423,-15.722911939037731
INFOMEDIA,3,-839.9227215687363,-279.9742405229121,2026-01-14,2026-07-14,0.49555099247091033,-16.225056490583434
JUBLPHARMA,3,-311.47567055571517,-103.82522351857172,2025-11-21,2026-01-20,0.16427104722792607,-17.521007349539097
STOVEKRAFT,3,-704.4354013702559,-234.81180045675197,2025-11-25,2026-04-08,0.3668720054757016,-18.053990926190888
GSFC,3,-715.6227169322439,-238.54090564408128,2025-12-03,2026-04-17,0.36960985626283366,-18.199990232037276
SHANTIGEAR,3,-1013.7036321837826,-337.90121072792755,2026-01-08,2026-07-17,0.5201916495550992,-18.57362974544389
CAMS,3,-665.7972195777006,-221.9324065259002,2025-12-08,2026-04-09,0.33401779603011633,-18.639118397469222
CENTEXT,3,-688.7578676580456,-229.5859558860152,2025-12-09,2026-04-09,0.33127994524298426,-19.379301536232816
MOLOWVOL,3,-354.1902284109261,-118.06340947030871,2026-01-09,2026-03-09,0.16153319644079397,-20.008122448490617
NIFTYADD,3,-341.67809818245723,-113.89269939415242,2026-01-12,2026-03-09,0.15331964407939766,-20.287968566922288
KLL-SM,3,-1265.0410218872887,-421.68034062909624,2025-11-11,2026-05-29,0.5448323066392882,-21.983114949679816
STEELCITY,3,-954.1248898105007,-318.04162993683354,2025-11-17,2026-04-09,0.3915126625598905,-22.595488665200257
UNIINFO-BE,3,-1037.6980217496148,-345.89934058320495,2025-11-13,2026-04-17,0.4243668720054757,-22.753461702248924
NCLIND,3,-825.7703515549915,-275.25678385166384,2025-12-09,2026-04-08,0.32854209445585214,-23.07433810357342
INSPIRE-ST,3,-1700.7866339982315,-566.9288779994105,2025-08-01,2026-04-17,0.7091033538672142,-23.118240225208897
GLOBE,3,-657.7974870657805,-219.26582902192683,2026-03-02,2026-06-01,0.24914442162902123,-23.898854691198135
TCL-SM,3,-1526.4873791754314,-508.82912639181046,2025-11-26,2026-06-30,0.5913757700205339,-24.428621544253236
PVSL,3,-1639.3417243351114,-546.4472414450371,2025-11-26,2026-07-15,0.6324435318275154,-24.655932972195128
BHADORA-ST,3,-1578.3807964287516,-526.1269321429172,2025-11-10,2026-06-17,0.5995893223819302,-24.911372033761925
CCHHL,3,-1576.0878419106268,-525.3626139702089,2025-11-13,2026-06-15,0.5859000684462696,-25.377668474752724
ACCELYA,3,-1320.0977058703252,-440.0325686234417,2025-11-25,2026-04-20,0.3997262149212868,-29.825099013541777
GENUSPAPER,3,-2250.090347236986,-750.030115745662,2025-11-14,2026-07-22,0.6844626967830253,-31.093151051279875
VIVIDHA,3,-1706.816611369283,-568.9388704564277,2025-11-25,2026-05-25,0.49555099247091033,-31.453842657597185
AERON-SM,3,-1533.2131005901406,-511.07103353004686,2025-11-17,2026-04-06,0.38329911019849416,-35.2226665444365
INFINIUM-SM,3,-2256.3332535397885,-752.1110845132629,2025-11-18,2026-06-19,0.5831622176591376,-35.498921770880344
TOUCHWOOD,3,-677.0433990890543,-225.6811330296848,2025-12-09,2026-02-05,0.15879534565366188,-35.69173176113073
MHLXMIRU,3,-2344.5063211817223,-781.5021070605741,2025-11-14,2026-06-22,0.6023271731690623,-35.824516998048125
UNIENTER,3,-771.5378480401279,-257.1792826800426,2025-11-25,2026-01-30,0.1806981519507187,-35.875709614477756
HDFCBANK,3,-1124.7619019263627,-374.9206339754542,2025-12-18,2026-03-23,0.2600958247775496,-36.7929114816335
KAMDHENU-BE,3,-1625.9345490439025,-541.9781830146342,2025-11-21,2026-04-08,0.37782340862423,-37.47803419232271
LICHSGFIN,3,-1568.82314584466,-522.9410486148867,2025-11-26,2026-04-01,0.34496919917864477,-39.02328749114516
RADIOWALLA-ST,3,-1489.7834519373257,-496.5944839791086,2025-11-14,2026-03-13,0.3258042436687201,-39.05125395120016
SANDESH,3,-1866.7833788760493,-622.2611262920165,2025-11-20,2026-04-16,0.4024640657084189,-40.15479150048819
SUNCLAY,3,-1009.3565014296507,-336.4521671432169,2025-11-18,2026-02-01,0.2053388090349076,-40.439122884331816
RAMRAT,3,-854.2969156576659,-284.7656385525553,2025-12-09,2026-02-03,0.15331964407939766,-44.1471361452431
PIONEEREMB,3,-2152.2613018471466,-717.4204339490489,2025-11-13,2026-04-10,0.405201916495551,-45.01560296756614
ZENITHDRUG-SM,3,-2738.5360619138755,-912.8453539712918,2025-11-12,2026-05-26,0.5338809034907598,-45.08542739421806
EMMBI-BE,3,-1871.3140724319,-623.7713574773001,2025-12-08,2026-04-10,0.33675564681724846,-45.94892777067066
OCCLLTD-BE,3,-2172.8047285150983,-724.2682428383661,2025-11-17,2026-04-06,0.38329911019849416,-47.22526106989912
JAYAGROGN,3,-2078.7798666667613,-692.9266222222537,2025-12-04,2026-04-07,0.3394934976043806,-49.66320618099112
VARDHACRLC-BE,3,-2252.800733048426,-750.9335776828087,2025-12-01,2026-04-08,0.35044490075290896,-51.730506086836606
YASHO,3,-1337.3818999574485,-445.7939666524828,2025-12-09,2026-02-17,0.19164955509924708,-52.72165465536178
MITTAL,3,-2562.222641865735,-854.074213955245,2025-11-21,2026-04-08,0.37782340862423,-54.31815684517735
REPL-BE,3,-1435.9407077607002,-478.64690258690007,2025-11-26,2026-02-01,0.1834360027378508,-57.045991531838155
SUVIDHAA,3,-3223.4581128653817,-1074.486037621794,2025-11-13,2026-04-08,0.3997262149212868,-62.22269711536048
BTML,3,-1625.7937391807927,-541.9312463935976,2026-01-16,2026-03-23,0.1806981519507187,-62.540396708482064
PRANIK-SM,3,-2095.6403338107502,-698.5467779369168,2025-09-12,2025-12-08,0.23819301848049282,-62.742286034593505
ORCHASP,3,-4064.8320895522374,-1354.944029850746,2026-01-14,2026-06-25,0.44353182751540043,-69.15566927005196
M&M,3,-1526.6671846792115,-508.8890615597372,2026-01-22,2026-03-13,0.13689253935660506,-70.1848907227507
ATMASTCO-ST,3,-3793.2654640694873,-1264.4218213564957,2025-11-18,2026-04-02,0.36960985626283366,-72.48434844126324
IOB,3,-781.8660209206034,-260.6220069735345,2025-11-24,2025-12-17,0.06297056810403832,-72.55168295446106
GOLDTECH-BE,3,-3905.9089123368326,-1301.969637445611,2025-12-05,2026-04-08,0.3394934976043806,-76.74933334548882
CLEDUCATE-BE,3,-2474.8405671570745,-824.9468557190248,2025-12-09,2026-02-06,0.16153319644079397,-82.79920580854866
KRISHIVAL,3,-1586.8934769243867,-528.9644923081289,2025-11-19,2025-12-24,0.09582477754962354,-83.52344910952544
LATTEYS-BE,3,-1810.645352768752,-603.5484509229174,2026-03-04,2026-04-08,0.09582477754962354,-87.56349249940992
TOTAL,3,1352.4985862115436,450.8328620705145,2025-11-17,2025-12-03,0.04380561259411362,
GRAPHISAD-SM,2,2560.8883411436727,1280.4441705718364,2025-11-11,2025-12-05,0.06570841889117043,3113.409163239399
NEXT50ADD,2,1939.7578178224094,969.8789089112047,2026-03-25,2026-04-15,0.057494866529774126,2083.594750856051
DHRUV-BE,2,1754.5171465587614,877.2585732793807,2025-11-25,2025-12-16,0.057494866529774126,1563.6499442090794
NORBTEAEXP,2,2421.0431196994173,1210.5215598497086,2026-04-15,2026-05-15,0.08213552361396304,1300.7947178594768
KEYFINSERV,2,1525.7717532797815,762.8858766398907,2026-03-17,2026-04-08,0.06023271731690623,956.4827415325482
MEGAFLEX-SM,2,3749.9141181851555,1874.9570590925778,2025-09-09,2025-11-04,0.15331964407939766,698.0626014052358
DHANSA-ST,2,2799.837475169818,1399.918737584909,2025-11-07,2025-12-23,0.12594113620807665,609.9482289568998
TBI-SM,2,1132.7762747952142,566.3881373976071,2025-12-04,2025-12-24,0.05475701574264202,609.7347694947877
JHS,2,2119.1631391189803,1059.5815695594902,2025-12-15,2026-01-22,0.10403832991101986,534.3453426549711
TIRUPATIFL,2,2716.0038862877614,1358.0019431438807,2025-11-17,2026-01-05,0.13415468856947296,499.5677687443142
TIRUPATIFL-BE,2,2716.0038862877614,1358.0019431438807,2025-11-17,2026-01-05,0.13415468856947296,499.5677687443142
APOLLOPIPE,2,1634.7536633018842,817.3768316509421,2026-01-06,2026-02-06,0.08487337440109514,495.3443180712736
PALREDTEC-BE,2,4803.24984589192,2401.62492294596,2026-01-30,2026-04-23,0.2272416153319644,461.91901536606747
AUROPHARMA,2,926.2036337093043,463.10181685465216,2026-01-28,2026-02-16,0.05201916495550993,448.9357153766431
SHREERAMA,2,1600.8181988528886,800.4090994264443,2025-11-13,2025-12-15,0.08761122518822724,444.5993878116171
RBMINFRA-SM,2,3478.5071179846746,1739.2535589923373,2026-02-02,2026-04-08,0.17796030116358658,435.1643170096504
MAHASTEEL,2,2770.222540759607,1385.1112703798035,2026-05-20,2026-07-13,0.14784394250513347,422.7747720691467
PRESSTONIC-SM,2,7780.0052296696595,3890.0026148348297,2025-12-15,2026-04-23,0.3531827515400411,410.1007651155347
AARTIIND,2,2546.562628104692,1273.281314052346,2025-12-12,2026-02-03,0.14510609171800137,377.5120161929281
SAFEENTP-SM,2,3827.5731528167007,1913.7865764083504,2026-01-20,2026-04-08,0.2135523613963039,356.11047500570135
SOMATEX,2,4853.754788066732,2426.877394033366,2026-03-30,2026-07-07,0.27104722792607805,330.4984774150845
RSWM-BE,2,3597.811766360257,1798.9058831801285,2026-01-22,2026-04-10,0.2135523613963039,321.6910431260791
AXISCADES,2,2908.2958742278597,1454.1479371139299,2025-12-09,2026-02-12,0.17796030116358658,319.7570493718467
ABINFRA,2,1426.6460737015052,713.3230368507526,2025-12-26,2026-01-30,0.09582477754962354,302.1830807989111
SADHNANIQ-BE,2,6572.390572390572,3286.195286195286,2025-11-26,2026-04-08,0.36413415468856947,300.3911171427876
CEWATER,2,2753.4848969502727,1376.7424484751364,2025-11-25,2026-01-30,0.1806981519507187,284.20214161645447
CARRARO,2,3238.4234568515667,1619.2117284257833,2026-01-28,2026-04-15,0.2108145106091718,278.3825780499038
HGM,2,1270.005192977293,635.0025964886465,2025-11-13,2025-12-16,0.09034907597535935,275.5826815949221
BLUEPEBBLE-SM,2,5898.66871179744,2949.33435589872,2025-11-28,2026-04-07,0.35592060232717315,267.91397848961407
BMWVENTLTD,2,3386.5639831583067,1693.2819915791533,2026-01-14,2026-04-08,0.2299794661190965,255.45487014177021
ZEEMEDIA,2,1007.9879920045753,503.99399600228764,2026-01-12,2026-02-09,0.07665982203969883,249.9977680144053
RAMCOSYS,2,4872.068112472875,2436.0340562364377,2026-01-29,2026-05-25,0.31759069130732376,248.9369078821606
REXPRO-SM,2,2110.471291999775,1055.2356459998875,2025-10-29,2025-12-24,0.15331964407939766,248.6607520786682
JFLLIFE-SM,2,2739.7563268390695,1369.8781634195348,2025-10-09,2025-12-19,0.1943874058863792,247.52601293160444
SKMEGGPROD,2,3369.089627085822,1684.544813542911,2026-01-19,2026-04-17,0.24093086926762491,233.72924298248776
ARVINDPORT-ST,2,5913.903830876245,2956.9519154381223,2026-02-01,2026-06-22,0.3860369609856263,233.1866494412287
VMARCIND-SM,2,2737.810753148632,1368.905376574316,2026-01-21,2026-04-06,0.2053388090349076,224.9463314161344
BIRET-RR,2,803.1183082574028,401.5591541287014,2025-11-25,2025-12-19,0.06570841889117043,224.0230127916592
CHOLAHLDNG,2,855.9840352549204,427.9920176274602,2025-11-27,2025-12-23,0.07118412046543464,217.01777163713035
MASTEK,2,1168.0301887313713,584.0150943656856,2025-12-30,2026-02-03,0.09582477754962354,216.71590485526528
MCLEODRUSS-BE,2,2543.6014389472602,1271.8007194736301,2026-01-28,2026-04-10,0.1971252566735113,215.7096475839862
MGSL-SM,2,3969.5573754509096,1984.7786877254548,2025-12-23,2026-04-10,0.29568788501026694,209.74167472623168
PNC,2,2147.2988526781164,1073.6494263390582,2025-12-04,2026-02-05,0.17248459958932238,208.87390045399258
JTLIND,2,3069.2247767121708,1534.6123883560854,2026-01-12,2026-04-09,0.23819301848049282,207.64427983026823
AEQUS,2,1251.505521009524,625.752760504762,2026-03-02,2026-04-10,0.10677618069815195,201.72223614846874
PROSTARM,2,3713.358093759349,1856.6790468796744,2026-01-21,2026-05-07,0.29021218343600275,196.86838755581775
KDL-SM,2,4727.828583607388,2363.914291803694,2025-12-11,2026-04-20,0.35592060232717315,196.75984576760345
MSUMI,2,674.9357341185084,337.4678670592542,2025-12-08,2025-12-30,0.06023271731690623,195.75216619268616
SIGMAADV-BE,2,2824.014625726175,1412.0073128630875,2026-01-22,2026-04-16,0.2299794661190965,194.92495393144185
OSWALSEEDS,2,993.1965659180021,496.59828295900104,2025-11-17,2025-12-19,0.08761122518822724,194.70793700306342
SGMART,2,1344.8699679597144,672.4349839798572,2025-12-11,2026-01-23,0.11772758384668036,192.06353618741483
LOKESHMACH-BE,2,726.3744727010977,363.18723635054886,2025-11-18,2025-12-12,0.06570841889117043,190.7072779554469
METALIETF,2,660.0428363755839,330.02141818779194,2026-03-16,2026-04-07,0.06023271731690623,188.9759208232706
ADANIGREEN,2,1929.664841386074,964.832420693037,2025-12-09,2026-02-09,0.1697467488021903,182.76578898557946
BCONCEPTS,2,1928.0110993381254,964.0055496690627,2025-12-09,2026-02-09,0.1697467488021903,182.53494546185757
RAJRATAN,2,2727.813537002194,1363.906768501097,2026-02-02,2026-04-28,0.2327173169062286,181.92478562120823
NYKAA,2,1456.5135166316309,728.2567583158154,2025-12-18,2026-02-05,0.13415468856947296,175.53828163289776
SATECH-SM,2,5451.639597981061,2725.8197989905307,2025-11-28,2026-05-05,0.432580424366872,173.43505267489547
NRBBEARING,2,2357.1122511510575,1178.5561255755288,2026-01-28,2026-04-15,0.2108145106091718,172.90333780834413
KPIGREEN,2,2911.3669818460203,1455.6834909230101,2025-12-08,2026-03-12,0.25735797399041754,169.8969201191164
ROCKINGDCE-SM,2,3370.995972931455,1685.4979864657275,2026-03-18,2026-07-03,0.2929500342231348,169.56684332615617
TPHQ,2,4411.66380789022,2205.83190394511,2025-11-25,2026-04-09,0.36960985626283366,168.7879999493625
GROWW,2,748.2727783753531,374.13638918767657,2026-03-06,2026-04-02,0.07392197125256673,165.42553162721703
PASUPTAC-BE,2,2535.6516783359716,1267.8258391679858,2026-01-12,2026-04-08,0.23545516769336072,161.11936604204084
QUADFUTURE,2,3666.233426342463,1833.1167131712316,2025-12-09,2026-04-07,0.3258042436687201,160.82590874818163
SILKY-SM,2,621.2489862124903,310.62449310624515,2026-02-01,2026-02-24,0.06297056810403832,160.42324543458818
EFCIL,2,1912.4999988546292,956.2499994273146,2025-11-28,2026-02-04,0.1861738535249829,155.99780298899844
INFLUX-SM,2,1431.542553679266,715.771276839633,2026-01-13,2026-03-06,0.14236824093086928,155.93554866968887
ATALREAL,2,1190.6649788243737,595.3324894121869,2026-02-24,2026-04-09,0.12046543463381246,154.42479899188385
21STCENMGM,2,4601.880752300922,2300.940376150461,2025-11-28,2026-04-27,0.4106776180698152,151.38272036939458
RBZJEWEL,2,1809.2951799938924,904.6475899969462,2026-02-01,2026-04-08,0.1806981519507187,151.01175549689358
GRAVITA,2,2125.0431011221585,1062.5215505610793,2026-01-28,2026-04-15,0.2108145106091718,149.43203767650343
DTL-SM,2,1908.5919331849668,954.2959665924834,2025-07-29,2025-10-07,0.19164955509924708,148.78764069317242
SAHASRA-ST,2,2443.689247223454,1221.844623611727,2026-01-22,2026-04-20,0.24093086926762491,147.79523463226226
SASKEN,2,3429.8323267201813,1714.9161633600906,2025-12-15,2026-04-13,0.3258042436687201,147.2239920335916
PRAJIND,2,1832.258459492305,916.1292297461525,2025-12-04,2026-02-10,0.1861738535249829,146.87094251749454
TRITURBINE,2,2084.407997115152,1042.203998557576,2026-01-28,2026-04-15,0.2108145106091718,145.4915919272521
MBEL,2,2145.5155844182796,1072.7577922091398,2026-01-30,2026-04-20,0.2190280629705681,142.89109751162889
WHEELS,2,1612.9145422408649,806.4572711204324,2025-12-05,2026-02-05,0.1697467488021903,141.31102605181235
HEROMOTOCO,2,1037.4112418690104,518.7056209345052,2026-01-28,2026-03-10,0.11225188227241616,140.92631329167986
INSPIRISYS-BE,2,2492.8145989329887,1246.4072994664944,2026-01-12,2026-04-15,0.2546201232032854,139.67653238736776
PPAP-BE,2,2001.7958944043296,1000.8979472021648,2026-01-21,2026-04-08,0.2108145106091718,137.63206319583225
FOCE-SM,2,4399.951021807539,2199.9755109037696,2025-04-24,2025-09-25,0.4216290212183436,137.46152434080702
BORANA,2,2694.819476593327,1347.4097382966636,2026-04-06,2026-07-16,0.27652292950034224,137.0000375293772
NITINSPIN,2,1212.9717138294202,606.4858569147101,2025-12-09,2026-01-27,0.13415468856947296,134.75905618984646
USHAFIN-SM,2,1881.6176470588239,940.8088235294119,2025-10-13,2025-12-26,0.2026009582477755,134.1917870566256
A2ZINFRA,2,1983.9848177586796,991.9924088793398,2025-11-26,2026-02-12,0.2135523613963039,133.38098554278818
BHAGERIA-BE,2,2317.630888775388,1158.815444387694,2026-01-23,2026-04-24,0.24914442162902123,130.86189100300922
GARUDA,2,2187.400979373594,1093.700489686797,2026-01-13,2026-04-10,0.23819301848049282,129.44494713148563
3IINFOLTD,2,1909.2936875314685,954.6468437657343,2026-01-19,2026-04-06,0.2108145106091718,129.06870397484974
FEDFINA,2,1828.0111572800915,914.0055786400458,2026-02-02,2026-04-17,0.2026009582477755,129.02267505897598
STYLEBAAZA-BE,2,3681.6222354751617,1840.8111177375808,2025-11-18,2026-04-06,0.3805612594113621,127.89167702109636
ESPRIT-SM,2,4528.329379871233,2264.1646899356165,2025-11-19,2026-05-04,0.4544832306639288,127.46959295649769
EASEMYTRIP,2,2262.9646727780328,1131.4823363890164,2025-11-17,2026-02-16,0.24914442162902123,126.77693402203984
VAIBHAVGBL,2,2262.2482593333048,1131.1241296666524,2026-01-16,2026-04-17,0.24914442162902123,126.72376266679697
ONIDA-BE,2,3450.2194146111055,1725.1097073055528,2025-11-25,2026-04-08,0.3668720054757016,124.32805838683313
XPROINDIA,2,2436.0124139727377,1218.0062069863689,2025-12-09,2026-03-18,0.27104722792607805,123.5198254039286
VIPULLTD-BE,2,5421.544108692022,2710.772054346011,2025-12-04,2026-06-19,0.5393566050650239,123.25464972249804
MUTHOOTMF,2,1662.3659328356323,831.1829664178161,2026-02-02,2026-04-13,0.19164955509924708,123.09162821387338
NAM-INDIA,2,1302.0267635311916,651.0133817655958,2025-12-04,2026-01-29,0.15331964407939766,122.17883195718349
DURLAX-ST,2,984.4931559299303,492.2465779649651,2025-12-11,2026-01-23,0.11772758384668036,122.02051153402903
GALLANTT,2,1971.5898032077664,985.7949016038832,2025-12-18,2026-03-12,0.2299794661190965,118.68595599432248
PTC,2,1469.0776448865472,734.5388224432736,2025-11-24,2026-01-27,0.17522245037645448,118.64067990411473
SPARC,2,1296.542776332385,648.2713881661925,2026-01-27,2026-03-25,0.15605749486652978,118.40849126569184
PHOENIXLTD,2,1683.8484554750758,841.9242277375379,2026-02-01,2026-04-15,0.1998631074606434,117.85174117592163
VIYASH,2,2008.182961484602,1004.091480742301,2026-01-12,2026-04-08,0.23545516769336072,117.54418095099162
EPL,2,1376.9255069402552,688.4627534701276,2026-01-28,2026-03-30,0.16700889801505817,116.50137345128257
HEG,2,2974.6434331216606,1487.3217165608303,2026-03-13,2026-07-15,0.3394934976043806,115.34256904759634
RAIN,2,4011.1686605045384,2005.5843302522692,2025-11-28,2026-05-08,0.4407939767282683,114.92980668470652
QUICKTOUCH-SM,2,1336.4413364413363,668.2206682206681,2025-10-20,2025-12-19,0.16427104722792607,114.59874860291954
ANTELOPUS,2,1308.6448591676767,654.3224295838384,2025-11-18,2026-01-16,0.16153319644079397,114.11525540054699
LAXMICOT,2,1400.5540190268935,700.2770095134467,2025-12-10,2026-02-11,0.17248459958932238,113.81344503783666
INDTERRAIN,2,2125.8023427283315,1062.9011713641657,2026-01-12,2026-04-15,0.2546201232032854,113.18968008275667
AEROFLEX,2,1109.5194392012108,554.7597196006054,2025-12-09,2026-01-29,0.13963039014373715,112.4510074819594
TRIDHYA-ST,2,2202.489089352461,1101.2445446762306,2025-10-15,2026-01-20,0.2655715263518138,111.60135110518334
BIRLACABLE-BE,2,3462.2254817545513,1731.1127408772757,2025-11-18,2026-04-13,0.3997262149212868,110.3842584040707
HDFCPSUBK,2,1865.2515493682517,932.6257746841259,2026-03-23,2026-06-15,0.2299794661190965,110.36432673326746
RESPONIND,2,2610.9811225455605,1305.4905612727803,2026-01-12,2026-05-07,0.31485284052019163,108.92345039741342
CONNPLEX-SM,2,1396.2797319055062,698.1398659527531,2026-02-01,2026-04-07,0.17796030116358658,108.43227213558681
DESTINY-SM,2,9015.402453989134,4507.701226994567,2025-03-20,2026-02-03,0.8761122518822724,108.24413880016257
ENCOMPAS-SM,2,514.6685810548174,257.3342905274087,2026-05-18,2026-06-12,0.06844626967830253,108.17738398507464
KESORAMIND-BE,2,2863.536736358142,1431.768368179071,2025-11-19,2026-03-25,0.34496919917864477,107.4984912956928
UTLSOLAR,2,830.2960967386296,415.1480483693148,2026-02-25,2026-04-06,0.10951403148528405,107.16172356667374
NEPTUNE-SM,2,1882.0389856594597,941.0194928297299,2026-03-24,2026-06-19,0.23819301848049282,106.25902675922529
ENERGYDEV,2,2641.7586428825284,1320.8793214412642,2026-03-04,2026-07-01,0.3258042436687201,105.34331369259723
SIRCA,2,1164.503920813103,582.2519604065515,2025-12-11,2026-02-05,0.15331964407939766,105.12762093032828
SAROJA-SM,2,3688.0429966673732,1844.0214983336866,2025-03-05,2025-08-19,0.45722108145106094,98.69900879484813
KRISHNADEF,2,2620.8087296329377,1310.4043648164688,2025-12-12,2026-04-16,0.34223134839151265,97.41345736949054
SPECTSTM-ST,2,3553.9197091828673,1776.9598545914337,2025-11-07,2026-04-21,0.4517453798767967,96.03954421104373
KERNEX,2,2575.133700716182,1287.566850358091,2025-12-05,2026-04-10,0.34496919917864477,94.29789932242174
KSHITIJPOL-BE,2,1585.858585858586,792.929292929293,2025-11-21,2026-02-10,0.22176591375770022,94.2088125508884
BAWEJA-ST,2,2653.55987885632,1326.77993942816,2025-12-19,2026-04-28,0.35592060232717315,93.72177670432542
ROLLT-BE,2,2674.3139901034665,1337.1569950517332,2025-11-28,2026-04-08,0.3586584531143053,93.62912599247738
TSFINV,2,2086.970159561246,1043.485079780623,2026-01-21,2026-05-07,0.29021218343600275,92.15236820449108
COMMITTED-ST,2,3015.8639334222544,1507.9319667111272,2025-10-15,2026-03-12,0.405201916495551,91.64987272610836
LLOYDSENT,2,2826.0475268312966,1413.0237634156483,2025-11-19,2026-04-08,0.38329911019849416,91.42846254267185
STLNETWORK-BE,2,1603.1159483348038,801.5579741674019,2026-01-16,2026-04-10,0.2299794661190965,90.89050981559035
OLIL-ST,2,672.0122446751171,336.00612233755857,2026-01-27,2026-03-05,0.10130047912388775,90.03646034233168
BHARATWIRE,2,1486.7220185824065,743.3610092912032,2026-01-20,2026-04-09,0.216290212183436,89.80679989577374
IDFCFIRSTB,2,2379.260528122034,1189.630264061017,2026-02-13,2026-06-15,0.33401779603011633,89.4585741388234
PRIMESECU,2,1277.3501681177972,638.6750840588986,2025-12-09,2026-02-16,0.188911704312115,88.95438179181485
UNIMECH,2,2258.3472664233423,1129.1736332116711,2025-12-17,2026-04-13,0.3203285420944558,88.82796611000876
AIIL,2,4335.822177271839,2167.9110886359194,2025-11-17,2026-06-12,0.5667351129363449,88.80198395268333
VALUEAXIS,2,535.6858844458953,267.84294222294767,2026-03-09,2026-04-08,0.08213552361396304,88.76425538246198
DYNAMIC-ST,2,2953.0410898013515,1476.5205449006758,2025-11-10,2026-04-09,0.4106776180698152,87.76956263962113
GOLDBEES,2,1278.6516930044356,639.3258465022178,2026-03-04,2026-05-13,0.19164955509924708,87.35725980070424
PRUDENT,2,1592.5728102781447,796.2864051390724,2026-01-14,2026-04-10,0.23545516769336072,87.31722611377113
GUJTHEM,2,3366.3849483635463,1683.1924741817732,2025-12-08,2026-05-27,0.4654346338124572,86.52829010622274
GOODLUCK,2,2264.9476474490257,1132.4738237245128,2025-12-09,2026-04-08,0.32854209445585214,86.15564941704208
DBCORP,2,738.5657527922028,369.2828763961014,2025-12-10,2026-01-21,0.11498973305954825,85.8326925860926
GULPOLY,2,1347.1218558239539,673.5609279119769,2025-11-26,2026-02-09,0.2053388090349076,85.05185813357564
AHLADA,2,1376.4680587874868,688.2340293937434,2025-11-18,2026-02-03,0.2108145106091718,84.36212757888775
MUNJALSHOW,2,1534.135410044615,767.0677050223075,2026-01-12,2026-04-08,0.23545516769336072,83.33958970936234
PSUBNKBEES,2,1173.0014591321378,586.5007295660689,2026-03-23,2026-05-29,0.1834360027378508,83.06174913669255
ERIS,2,456.6072419896842,228.3036209948421,2025-11-13,2025-12-10,0.07392197125256673,82.9424023622449
DEVX,2,1854.2563457245155,927.1281728622578,2025-12-31,2026-04-13,0.28199863107460643,82.79610013392772
GMRAIRPORT,2,1457.7525256926413,728.8762628463206,2026-01-22,2026-04-15,0.2272416153319644,82.00072926645139
TITAGARH,2,2487.3068405107447,1243.6534202553723,2025-12-12,2026-04-27,0.3723477070499658,81.58606734469656
COASTCORP,2,916.399300963342,458.199650481671,2026-01-22,2026-03-17,0.14784394250513347,80.95263771926022
ATULAUTO,2,1219.4785124088912,609.7392562044456,2025-11-24,2026-02-03,0.1943874058863792,80.7497562080762
ARVEE,2,1821.4183968120537,910.7091984060269,2026-04-01,2026-07-14,0.28473648186173856,79.97699354321519
ROTO,2,2780.819360809338,1390.409680404669,2025-11-13,2026-04-15,0.4188911704312115,79.63161361277831
EQUIPPP-BE,2,2719.181983790826,1359.590991895413,2025-11-18,2026-04-17,0.4106776180698152,79.6214120474551
HVAX-SM,2,2236.756612886812,1118.378306443406,2025-12-04,2026-04-09,0.34496919917864477,79.52625415341078
UTSSAV-ST,2,1073.9218165798516,536.9609082899258,2026-02-03,2026-04-08,0.17522245037645448,78.99041572343121
WOCKPHARMA,2,555.2108561820452,277.6054280910226,2026-03-05,2026-04-08,0.09308692676249145,78.68856797410304
PRSMJOHNSN,2,2326.2385558320802,1163.1192779160401,2025-12-09,2026-04-20,0.3613963039014374,78.37431238315584
GEEKAYWIRE,2,1350.0688192964515,675.0344096482257,2025-11-13,2026-02-01,0.2190280629705681,78.27994969580965
TEJASCARGO-SM,2,2318.195234546038,1159.097617273019,2025-12-12,2026-04-23,0.3613963039014374,78.0524256784168
AUTOAXLES,2,2729.123687691795,1364.5618438458976,2025-11-26,2026-04-28,0.4188911704312115,77.90196635263835
AMNPLST,2,3218.9830502456857,1609.4915251228429,2025-11-17,2026-05-14,0.487337440109514,77.29410862117965
NLCINDIA,2,1899.335915124079,949.6679575620395,2025-11-21,2026-03-12,0.30390143737166325,77.21912478246666
GLOBUSSPR,2,2162.0682365043945,1081.0341182521972,2025-12-12,2026-04-16,0.34223134839151265,77.17062907840462
LT,2,1155.8496004119584,577.9248002059792,2026-01-28,2026-04-08,0.19164955509924708,76.9546766208328
ORBTEXP-BE,2,3279.3624158418206,1639.6812079209103,2025-12-09,2026-06-09,0.49828884325804246,76.6853107961567
RHIM,2,928.6415148406893,464.32075742034465,2025-12-15,2026-02-10,0.15605749486652978,76.6558500336559
VIPIND,2,1291.5897565772434,645.7948782886217,2025-11-13,2026-01-30,0.2135523613963039,76.61836463071596
SAVY-SM,2,3729.108322096603,1864.5541610483015,2025-10-28,2026-05-20,0.5585215605749486,76.37640979010678
PWL,2,1696.2145908031005,848.1072954015502,2026-01-30,2026-05-11,0.27652292950034224,76.22795895218037
TATAINVEST,2,1489.2791950574147,744.6395975287073,2026-01-09,2026-04-09,0.2464065708418891,75.66620193377223
ARUNAYA-ST,2,2570.3911660116037,1285.1955830058018,2025-11-12,2026-04-10,0.4079397672826831,75.20153029981304
PRICOLLTD,2,1463.0740635918542,731.5370317959271,2026-01-22,2026-04-21,0.243668720054757,75.1328882787022
VILINBIO-SM,2,2031.339174424604,1015.669587212302,2025-09-10,2026-01-09,0.33127994524298426,74.75731035157129
MARKSANS,2,1331.139702674935,665.5698513374675,2026-01-16,2026-04-08,0.2245037645448323,74.48140473389675
FILATEX,2,2081.1320912052006,1040.5660456026003,2026-01-22,2026-05-27,0.34223134839151265,73.7474754492594
AWHCL,2,2357.9244101446175,1178.9622050723087,2025-11-20,2026-04-09,0.38329911019849416,73.7318049937245
RELIABLE,2,1626.515901008335,813.2579505041675,2026-02-25,2026-06-05,0.2737850787132101,73.4022095641305
FELIX-SM,2,2179.8782340397092,1089.9391170198546,2025-11-28,2026-04-08,0.3586584531143053,73.29535327913565
PSFL-SM,2,2748.32109458357,1374.160547291785,2025-10-28,2026-04-08,0.44353182751540043,72.885051608453
GREENCHEF-SM,2,1388.157007328806,694.078503664403,2025-12-09,2026-03-06,0.23819301848049282,72.58662659671513
FCL,2,1102.0390576590844,551.0195288295422,2026-01-28,2026-04-08,0.19164955509924708,72.5460683826225
ARMANFIN,2,1877.3720135744798,938.6860067872399,2025-12-12,2026-04-07,0.31759069130732376,71.89866768850447
CHAVDA-SM,2,4139.814599742382,2069.907299871191,2025-11-27,2026-07-20,0.6433949349760438,71.32784188271737
CENTURYPLY,2,1445.213167445137,722.6065837225685,2026-01-19,2026-04-21,0.2518822724161533,70.90044710920147
SIGNORIA-ST,2,4088.694796407922,2044.347398203961,2025-10-27,2026-06-18,0.6406570841889117,70.75443376827324
ASAHISONG,2,2921.908410700603,1460.9542053503014,2025-11-13,2026-05-07,0.4791238877481177,70.7476125897865
SANGINITA-BE,2,495.2259332023576,247.6129666011788,2025-12-04,2026-01-06,0.09034907597535935,70.74223913840704
SUPERHOUSE,2,2026.7977318303124,1013.3988659151562,2025-12-04,2026-04-09,0.34496919917864477,70.74170097400298
MARALOVER-BE,2,1777.4006017865668,888.7003008932834,2025-12-17,2026-04-08,0.3066392881587953,70.49186725731109
SICALLOG,2,2621.035655824386,1310.517827912193,2025-12-31,2026-06-09,0.4380561259411362,70.13000518194268
KRYSTAL,2,2470.7196448016175,1235.3598224008088,2025-11-19,2026-04-20,0.4161533196440794,69.99006015743672
LRRPL-SM,2,2773.2049136468695,1386.6024568234347,2025-10-30,2026-04-17,0.46269678302532513,69.72265937217539
IBLFL-SM,2,3543.795094016516,1771.897547008258,2025-10-06,2026-05-04,0.5749486652977412,69.48612546471331
NDL,2,2074.2421829378354,1037.1210914689177,2025-12-10,2026-04-20,0.3586584531143053,69.13718575425516
TRIVENI-BE,2,774.6642196556189,387.33210982780946,2025-12-09,2026-01-30,0.14236824093086928,68.89047197795202
NEOGEN,2,2250.9856013069684,1125.4928006534842,2025-11-17,2026-04-08,0.3887748117727584,68.57455879971288
GVKPIL-BE,2,2432.203799487601,1216.1018997438005,2025-11-20,2026-04-22,0.4188911704312115,68.15526313747182
ZTECH-SM,2,2462.2132068816554,1231.1066034408277,2025-11-18,2026-04-22,0.4243668720054757,67.9830294006687
BSLGOLDETF,2,1266.1697521933406,633.0848760966703,2026-03-24,2026-06-16,0.2299794661190965,67.93236594565893
SETFGOLD,2,1263.6708854717485,631.8354427358743,2026-03-24,2026-06-16,0.2299794661190965,67.7704644416691
GRAPHITE,2,1649.3964608470815,824.6982304235407,2025-12-09,2026-03-27,0.29568788501026694,67.58475251156943
GOLDCASE,2,1255.476876213576,627.738438106788,2026-03-24,2026-06-16,0.2299794661190965,67.2404178945538
APTECHT-BE,2,1606.2764520751605,803.1382260375802,2025-12-30,2026-04-15,0.29021218343600275,67.07670543044676
SVPGLOB-BE,2,1718.2870993805545,859.1435496902773,2026-04-01,2026-07-23,0.30937713894592744,66.95122171675345
ICEMAKE,2,2259.958558546502,1129.979279273251,2025-11-14,2026-04-09,0.3997262149212868,66.48458492877911
ALPEXSOLAR-SM,2,2287.9201723370143,1143.9600861685071,2025-12-01,2026-04-28,0.405201916495551,66.27393734901999
GOLDETF,2,1239.0068175964861,619.5034087982431,2026-03-24,2026-06-16,0.2299794661190965,66.17891924012301
GOLDIETF,2,1219.4964659369641,609.7482329684821,2026-03-24,2026-06-15,0.2272416153319644,65.9254160504294
TRANSWORLD-BE,2,2933.177879551886,1466.588939775943,2025-12-12,2026-06-16,0.5092402464065708,65.71303904078086
RUBYMILLS-BE,2,1385.7254591315666,692.8627295657833,2025-12-01,2026-03-05,0.25735797399041754,65.57597605857224
UTTAMSUGAR,2,1896.2280252602827,948.1140126301414,2025-11-19,2026-03-25,0.34496919917864477,65.42347486068536
RAILTEL,2,2127.42920509911,1063.714602549555,2025-11-26,2026-04-15,0.38329911019849416,65.40425603697597
VIVIMEDLAB-BE,2,34232.2993462234,17116.1496731117,2023-04-24,2026-04-10,2.9623545516769334,65.18927488690525
VENKEYS,2,2204.931462054536,1102.465731027268,2025-11-19,2026-04-13,0.39698836413415467,65.1884012410636
PRIZOR-ST,2,1093.594491098197,546.7972455490985,2025-12-04,2026-02-18,0.2080766598220397,64.66975995385813
GROWWGOLD,2,1208.2350137174565,604.1175068587282,2026-03-24,2026-06-16,0.2299794661190965,64.2095780879021
ELECTCAST,2,3185.8702305812467,1592.9351152906233,2025-11-26,2026-06-18,0.5585215605749486,64.07701117819875
ATUL,2,695.2038430909138,347.6019215454569,2025-12-09,2026-01-28,0.13689253935660506,63.39024710231478
SANGHVIMOV,2,2427.44313988144,1213.72156994072,2025-11-25,2026-05-07,0.4462696783025325,62.73856107722771
PATTECH-ST,2,7717.43970315399,3858.719851576995,2025-02-24,2026-05-05,1.1909650924024642,61.6483045137354
AGIIL,2,730.231082850057,365.1155414250285,2025-12-26,2026-02-18,0.14784394250513347,61.07805673258473
MOIL,2,2190.098207181408,1095.049103590704,2025-11-27,2026-04-28,0.4161533196440794,60.942935102340726
ALLTIME,2,1430.0023856206822,715.0011928103411,2026-01-09,2026-04-22,0.28199863107460643,60.63457074541607
FIEMIND,2,1147.2746573823733,573.6373286911867,2026-01-21,2026-04-15,0.2299794661190965,60.36132025250331
BBNPPGOLD,2,1086.456278763972,543.228139381986,2026-03-24,2026-06-12,0.2190280629705681,60.1426065342767
SENORES,2,1065.5881081541802,532.7940540770901,2026-01-20,2026-04-09,0.216290212183436,59.70278329300478
TVSSCS,2,1164.2674168167173,582.1337084083586,2025-11-17,2026-02-11,0.23545516769336072,59.63916169274172
SANDHAR,2,1453.8305284604646,726.9152642302323,2026-01-22,2026-05-08,0.29021218343600275,59.635631695677496
LINCOLN,2,1189.4016743160703,594.7008371580351,2025-11-14,2026-02-10,0.24093086926762491,59.43226576849452
LOYALTEX,2,3706.7457764627457,1853.3728882313728,2025-11-10,2026-07-15,0.676249144421629,59.400980572668225
NH,2,1129.116793610216,564.558396805108,2026-01-21,2026-04-15,0.2299794661190965,59.228601204349005
KITEX,2,2407.487000716864,1203.743500358432,2025-12-30,2026-06-18,0.4654346338124572,58.95802629625939
NELCAST,2,3126.2131788823567,1563.1065894411784,2025-12-18,2026-07-21,0.5886379192334018,58.74486981574598
TVSSRICHAK,2,1129.1147561301223,564.5573780650611,2026-01-21,2026-04-16,0.2327173169062286,58.35946274281767
SBIBPB,2,1139.821955596276,569.910977798138,2026-03-16,2026-06-10,0.23545516769336072,58.15986558973481
SUPRAJIT,2,1560.2574496947182,780.1287248473591,2026-01-30,2026-05-26,0.31759069130732376,57.857863457350156
SHANTIGOLD,2,1900.462253661753,950.2311268308765,2025-12-01,2026-04-20,0.38329911019849416,57.44926517452611
FUSION,2,2190.5543684274066,1095.2771842137033,2025-11-13,2026-04-22,0.4380561259411362,57.17208701448941
EMKAY,2,2369.9691758049653,1184.9845879024826,2025-12-12,2026-06-03,0.4736481861738535,56.680607133842244
NAGREEKEXP,2,1588.5610779788735,794.2805389894368,2025-12-18,2026-04-17,0.32854209445585214,56.635368618416074
TCIFINANCE-BE,2,2790.642120015289,1395.3210600076445,2025-11-13,2026-06-05,0.5585215605749486,55.376187416253984
SSWL,2,1917.5115302946951,958.7557651473476,2025-11-14,2026-04-09,0.3997262149212868,55.0937892262237
RRKABEL,2,969.9758930864855,484.98794654324274,2026-01-27,2026-04-16,0.216290212183436,53.42199367162108
RGL,2,1890.4626521903429,945.2313260951714,2026-01-20,2026-06-17,0.405201916495551,53.314562962121336
RML,2,1876.269423544937,938.1347117724684,2025-11-26,2026-04-22,0.4024640657084189,53.30525490921403
JINDALPOLY,2,3018.3294190665542,1509.1647095332771,2025-11-26,2026-07-10,0.6187542778918549,53.15759180263031
HONASA,2,1179.5663105150784,589.7831552575392,2025-12-12,2026-03-18,0.26283367556468173,52.841688129479515
GANDHAR,2,1691.7766654085644,845.8883327042822,2025-12-03,2026-04-17,0.36960985626283366,52.63512738563703
SHRIAHIMSA-ST,2,981.0588371876295,490.52941859381474,2025-12-29,2026-03-20,0.22176591375770022,52.50192254314785
RALLIS,2,1000.3014944193092,500.1507472096546,2026-01-22,2026-04-15,0.2272416153319644,52.126590355984526
JITFINFRA,2,1782.8839437818563,891.4419718909281,2026-01-09,2026-06-01,0.3915126625598905,52.051440183175465
HITECHGEAR-BE,2,2686.8313782930404,1343.4156891465202,2025-12-05,2026-07-01,0.5694729637234771,51.87600199655893
IZMO,2,1625.1823365601376,812.5911682800688,2026-01-08,2026-05-20,0.3613963039014374,51.69251282829468
GOLDAXIS,2,1016.8479906985983,508.42399534929916,2026-03-24,2026-06-17,0.2327173169062286,51.608285876999595
BDL,2,1533.1260353332052,766.5630176666026,2025-12-19,2026-04-24,0.34496919917864477,51.20726704977727
BAHETI-SM,2,438.7014435015287,219.35072175076434,2026-03-02,2026-04-09,0.10403832991101986,51.08696188397111
KRBL,2,1246.1548858833148,623.0774429416574,2026-01-08,2026-04-22,0.28473648186173856,51.05226478574289
HMT-BZ,2,2676.1102778461695,1338.0551389230848,2025-11-19,2026-06-18,0.5776865160848734,50.755502944644995
INDIANHUME,2,2148.175848013158,1074.087924006579,2026-01-20,2026-07-13,0.47638603696098564,50.45284076202794
EDELWEISS,2,692.8412014371991,346.42060071859953,2025-12-05,2026-02-03,0.16427104722792607,50.35031798026965
REPCOHOME,2,989.8412559939007,494.9206279969504,2026-01-21,2026-04-16,0.2327173169062286,50.01771278390561
SAATVIKGL,2,2659.978128050103,1329.9890640250514,2025-12-09,2026-07-10,0.5831622176591376,49.847974760417536
CALSOFT-BE,2,1630.217853825177,815.1089269125885,2025-12-18,2026-05-04,0.3750855578370979,49.57569784932583
JAIPURKURT,2,1922.9861467675196,961.4930733837598,2025-11-14,2026-04-23,0.4380561259411362,49.407611387914876
TATVA,2,1383.5635427145044,691.7817713572522,2025-12-30,2026-04-27,0.32306639288158795,49.34827752198372
MPSLTD,2,2932.097940127433,1466.0489700637165,2025-11-26,2026-07-22,0.6516084873374401,48.37965475675781
MANAPPURAM,2,886.8890784203244,443.4445392101622,2026-02-02,2026-04-22,0.216290212183436,48.122718540650226
ANANDRATHI,2,916.6747780193139,458.33738900965693,2025-11-21,2026-02-11,0.2245037645448323,47.79670011453927
SATIN,2,1345.2483113008493,672.6241556504247,2025-12-10,2026-04-08,0.3258042436687201,47.313364185765636
KHAITANLTD-BE,2,2867.564212117778,1433.782106058889,2025-11-26,2026-07-22,0.6516084873374401,47.244839435733034
VIVO-SM,2,2353.624142641862,1176.812071320931,2024-03-15,2024-10-01,0.5475701574264202,47.10908475438651
STCINDIA,2,1631.2077650005717,815.6038825002859,2025-11-24,2026-04-16,0.3915126625598905,47.10201551114994
MIRZAINT,2,1879.0089153019223,939.5044576509612,2026-01-13,2026-06-25,0.4462696783025325,47.084635029345144
MAITHANALL,2,1579.931513928978,789.965756964489,2025-11-28,2026-04-16,0.3805612594113621,47.02801528377412
MILTON-SM,2,5344.829257887491,2672.4146289437454,2024-12-04,2026-01-14,1.111567419575633,46.99316774080995
S&SPOWER,2,2671.915214525575,1335.9576072627874,2025-12-01,2026-07-17,0.6242299794661191,46.13377107902994
AARTIPHARM,2,1715.581060249225,857.7905301246125,2025-11-26,2026-04-30,0.4243668720054757,45.22408398729198
IFCI,2,1515.3356565361078,757.6678282680539,2025-11-21,2026-04-09,0.3805612594113621,44.882654276197734
DOLATALGO,2,1671.1261196612938,835.5630598306469,2025-11-13,2026-04-15,0.4188911704312115,44.61564215358087
PONNIERODE,2,895.2178179089728,447.6089089544864,2025-12-09,2026-03-04,0.2327173169062286,44.54561663941945
HMAAGRO,2,664.3066300083703,332.1533150041852,2025-12-09,2026-02-11,0.17522245037645448,44.34852718332394
BIRLANU,2,1727.6090433991135,863.8045216995567,2025-11-28,2026-05-06,0.4353182751540041,44.206862306738934
KSB,2,810.3271301983152,405.1635650991576,2025-11-24,2026-02-10,0.2135523613963039,44.03129265116033
ATGL,2,971.3293113857341,485.66465569286703,2025-12-09,2026-03-12,0.2546201232032854,43.91794897689567
CPCAP-BE,2,2156.6062481212116,1078.3031240606058,2025-12-09,2026-06-23,0.5366187542778919,43.896272924338085
MAWANASUG-BE,2,1157.6549968222766,578.8274984111383,2025-11-14,2026-03-04,0.30116358658453113,43.86784783330049
HDFCAMC,2,1354.2704425308889,677.1352212654444,2025-12-03,2026-04-10,0.35044490075290896,43.68046898650984
ABREL,2,1221.718817038904,610.859408519452,2026-01-09,2026-05-07,0.32306639288158795,42.87319532363634
DIVISLAB,2,779.5987170467429,389.79935852337144,2026-01-28,2026-04-15,0.2108145106091718,42.774489679376494
BOHRAIND,2,554.0988330211786,277.0494165105893,2025-12-08,2026-02-02,0.15331964407939766,42.15440199472047
AHLEAST,2,748.9522269717665,374.4761134858833,2025-11-13,2026-01-27,0.2053388090349076,42.1520300730853
SUKHJITS,2,1518.4352538308583,759.2176269154292,2025-11-13,2026-04-09,0.4024640657084189,42.08362127292291
BETA,2,1474.6003120067085,737.3001560033542,2025-11-13,2026-04-06,0.3942505133470226,41.74960243478425
RADICO,2,1000.7472290563184,500.3736145281592,2026-01-05,2026-04-17,0.2792607802874743,40.71097552813134
OMFREIGHT-BE,2,969.4122922244331,484.7061461122166,2026-01-28,2026-05-07,0.27104722792607805,40.68644153839438
IRCON,2,1258.2006374372227,629.1003187186113,2025-12-11,2026-04-17,0.34770704996577684,40.6125188091059
SUNPHARMA,2,835.4614037108233,417.73070185541167,2026-02-01,2026-04-28,0.23545516769336072,40.60481385280039
NAVINFLUOR,2,788.982409079372,394.491204539686,2026-01-21,2026-04-13,0.2245037645448323,40.25034189164111
AMBIKCO,2,1216.560410610145,608.2802053050725,2025-12-03,2026-04-06,0.3394934976043806,40.23775873757229
GOLDIAM,2,205.3536484649444,102.6768242324722,2026-01-13,2026-02-04,0.06023271731690623,40.14120372522545
TIPSMUSIC,2,1376.251010844836,688.125505422418,2026-03-04,2026-07-23,0.3860369609856263,39.656665772239165
PGEL,2,1622.830400425556,811.415200212778,2026-01-21,2026-07-07,0.45722108145106094,38.94577311819809
GENUSPOWER,2,1680.7207298286326,840.3603649143163,2026-01-09,2026-07-01,0.4736481861738535,38.81830630116876
KALPATARU,2,1553.4177080468137,776.7088540234068,2025-11-26,2026-05-06,0.4407939767282683,38.76089349954837
GROWWMC150,2,733.8974044406734,366.9487022203367,2026-01-28,2026-04-17,0.216290212183436,38.74089537025549
LOTUSEYE,2,250.18646049266977,125.09323024633488,2025-11-13,2025-12-11,0.07665982203969883,38.03589980905117
KRITINUT-BE,2,1341.7575519630464,670.8787759815232,2025-11-25,2026-04-17,0.3915126625598905,37.93178112874757
SMALL250,2,649.6618047978016,324.8309023989008,2026-01-28,2026-04-10,0.1971252566735113,37.61707358478641
BIL,2,1816.5311324708528,908.2655662354264,2025-12-09,2026-06-22,0.5338809034907598,36.70341150590439
PDSL,2,1289.4222098625055,644.7111049312527,2026-01-27,2026-06-18,0.3887748117727584,36.609624038231736
YESBANK,2,1229.5860426979796,614.7930213489898,2025-12-19,2026-05-07,0.3805612594113621,35.62529930023513
SRF,2,1616.1349206198784,808.0674603099392,2026-01-22,2026-07-21,0.4928131416837782,35.525471461180615
PATELENG,2,1882.8282828282845,941.4141414141423,2025-11-26,2026-06-24,0.5749486652977412,34.9916714624561
BAJFINANCE,2,1016.4660907728705,508.23304538643526,2026-01-02,2026-04-30,0.32306639288158795,34.938281944543824
ARCHIES,2,190.4524272932961,95.22621364664805,2025-11-25,2025-12-18,0.06297056810403832,34.932261896546876
SAIL,2,862.213635750742,431.106817875371,2025-12-19,2026-03-30,0.27652292950034224,34.862997850556
GODREJPROP,2,954.6153258091824,477.3076629045912,2026-01-12,2026-05-04,0.3066392881587953,34.62713715567922
INDIACEM,2,1251.3799068455965,625.6899534227982,2025-12-03,2026-04-27,0.39698836413415467,34.58157821011554
OIL,2,1325.0440342583265,662.5220171291633,2025-12-09,2026-05-12,0.4216290212183436,34.328853071883756
MASTER-SM,2,1772.256237491452,886.128118745726,2025-10-17,2026-05-07,0.5530458590006845,34.315544250435195
THELEELA,2,1128.9838159186634,564.4919079593317,2025-11-25,2026-04-08,0.3668720054757016,33.85232996892063
BLUESTARCO,2,1262.458208555575,631.2291042777875,2025-11-17,2026-04-16,0.4106776180698152,33.5755046534278
BLKASHYAP,2,1109.035215586278,554.517607793139,2025-11-27,2026-04-09,0.36413415468856947,33.48677138422194
UNIECOM,2,1147.0297501911098,573.5148750955549,2025-12-10,2026-04-27,0.37782340862423,33.29626934896774
CRIZAC,2,457.0071469791799,228.50357348958994,2025-11-24,2026-01-20,0.15605749486652978,33.15595917772336
COLPAL,2,1102.5674664908765,551.2837332454383,2025-12-04,2026-04-17,0.3668720054757016,32.98808124724131
GENCON,2,1844.5681511470975,922.2840755735488,2025-11-18,2026-06-23,0.5941136208076659,32.96767626258155
CESC,2,470.67952512406276,235.33976256203138,2026-01-12,2026-03-12,0.16153319644079397,32.940703130338676
CMRSL-SM,2,1777.6509386098423,888.8254693049212,2025-10-09,2026-05-08,0.5776865160848734,32.741158554873586
GLAND,2,1030.8190453557736,515.4095226778868,2025-11-20,2026-03-27,0.34770704996577684,32.59869429598474
CEMPRO,2,967.9024943157872,483.9512471578936,2025-12-30,2026-04-30,0.33127994524298426,32.16511624643077
SURANI-SM,2,1041.7334330377798,520.8667165188899,2025-11-13,2026-03-23,0.35592060232717315,32.104661632201534
CNL,2,1052.273619825062,526.136809912531,2026-01-27,2026-06-08,0.3613963039014374,31.896305295695115
CORDSCABLE-BE,2,1240.06490865758,620.03245432879,2025-11-13,2026-04-17,0.4243668720054757,31.714705706742684
GODAVARIB,2,1527.7947396666038,763.8973698333019,2025-12-08,2026-06-16,0.5201916495550992,31.431363141475476
RECLTD,2,1186.4463267877604,593.2231633938802,2025-11-17,2026-04-16,0.4106776180698152,31.390924576412573
EMBASSY-RR,2,315.6213391953519,157.81066959767594,2026-02-25,2026-04-08,0.11498973305954825,31.02727578186264
JAGSNPHARM,2,1258.5635162106778,629.2817581053389,2025-11-24,2026-05-04,0.4407939767282683,30.856717015329103
INDIAGLYCO,2,841.1258465114552,420.5629232557276,2026-01-09,2026-04-29,0.30116358658453113,30.75638461366841
KELLTONTEC,2,920.6790453449296,460.3395226724648,2025-12-08,2026-04-08,0.33127994524298426,30.45483634918289
MOREALTY,2,1599.9203538601932,799.9601769300966,2025-12-09,2026-07-02,0.5612594113620808,30.26866370638246
IMAGICAA,2,1144.094742366647,572.0473711833235,2025-11-18,2026-04-17,0.4106776180698152,30.182940623831513
HDFCSENSEX,2,231.9288735997667,115.96443679988334,2026-01-09,2026-02-10,0.08761122518822724,29.913914897719508
SAWALIYA-SM,2,692.2983782858357,346.14918914291786,2026-03-02,2026-06-04,0.25735797399041754,29.705879100144482
ORIENTBELL,2,860.2142066464676,430.1071033232338,2025-11-14,2026-03-10,0.31759069130732376,29.67151652794424
CELLECOR-ST,2,1049.84435266833,524.922176334165,2025-11-14,2026-04-06,0.3915126625598905,29.04468550810224
360ONE,2,821.6276163100132,410.8138081550066,2026-02-01,2026-05-26,0.31211498973305957,28.78688486729817
AVTNPL,2,945.208836271204,472.604418135602,2025-12-05,2026-04-15,0.3586584531143053,28.636212754977187
WINDLAS,2,960.182240887757,480.0911204438785,2025-11-26,2026-04-08,0.36413415468856947,28.632050180791403
CIEINDIA,2,1292.2580437624804,646.1290218812402,2025-12-19,2026-06-15,0.487337440109514,28.3229720999012
HINDCOMPOS,2,923.7947550853988,461.8973775426994,2025-12-01,2026-04-10,0.35592060232717315,28.178405548848918
SIMPLEXINF,2,1377.2762171804704,688.6381085902352,2025-12-08,2026-06-16,0.5201916495550992,28.152257831443173
THEJO,2,1019.4684511339148,509.7342255669574,2025-11-20,2026-04-13,0.3942505133470226,27.92007975277937
ICICIB22,2,761.5452030181762,380.7726015090881,2025-12-18,2026-04-08,0.30390143737166325,27.316524941159503
STYLAMIND,2,186.54287310377424,93.27143655188712,2026-03-09,2026-04-06,0.07665982203969883,27.26440929882463
CUBEINVIT-IV,2,145.2554744525554,72.6277372262777,2025-12-23,2026-01-14,0.06023271731690623,27.051510000920608
FONEBOX-SM,2,1982.2657676639992,991.1328838319996,2025-08-19,2026-05-25,0.7638603696098563,26.712208834077188
HUDCO,2,977.5835167988693,488.7917583994346,2025-12-05,2026-04-30,0.3997262149212868,26.28048336070139
SHYAMMETL,2,958.7908668502334,479.3954334251167,2025-11-14,2026-04-07,0.3942505133470226,26.141002243866108
ABMINTLLTD,2,1282.9502307046891,641.4751153523446,2026-01-12,2026-07-21,0.5201916495550992,26.117597822817572
AARVI,2,494.2782870689479,247.13914353447396,2026-03-05,2026-05-21,0.2108145106091718,25.71545839835183
GRPLTD,2,1438.3456215015876,719.1728107507938,2025-11-14,2026-06-17,0.5886379192334018,25.646270284182293
ANURAS,2,745.7500164289972,372.8750082144986,2025-11-14,2026-03-10,0.31759069130732376,25.41668491960678
SELMC,2,655.768129181299,327.8840645906495,2026-04-01,2026-07-13,0.28199863107460643,25.261837585192982
LAL,2,1438.2058008223107,719.1029004111554,2025-11-19,2026-06-25,0.5968514715947981,25.24957552564848
GRINDWELL,2,924.9858848036929,462.49294240184645,2025-11-24,2026-04-17,0.3942505133470226,25.156374102948575
ORIENTHOT,2,969.5904400147433,484.79522000737165,2025-12-04,2026-05-04,0.4134154688569473,25.087972184327988
OILIETF,2,663.2837041580697,331.64185207903483,2026-01-12,2026-04-29,0.2929500342231348,24.51086191722034
BGRENERGY-BE,2,713.7702527670231,356.88512638351153,2025-12-18,2026-04-13,0.31759069130732376,24.245199589064082
ALKALI-BE,2,1182.292213607344,591.146106803672,2025-11-18,2026-05-27,0.5201916495550992,23.963590993070017
ESAFSFB,2,1030.3895876808099,515.1947938404049,2025-11-18,2026-05-04,0.45722108145106094,23.922894429346474
BAYERCROP,2,1181.3603341559378,590.6801670779689,2025-11-17,2026-05-27,0.5229295003422314,23.804515332408393
ONWARDTEC,2,1394.0272033676529,697.0136016838264,2025-11-13,2026-06-25,0.6132785763175906,23.713420251206728
NELCO,2,1189.4698636123444,594.7349318061722,2025-12-04,2026-06-18,0.5366187542778919,23.298422376169924
EXICOM,2,1135.1920016786312,567.5960008393156,2025-11-14,2026-05-21,0.5147159479808351,23.232484656000917
BALCO-ST,2,903.7433155080221,451.87165775401104,2025-12-04,2026-05-07,0.4216290212183436,22.77787060535912
SHREEPUSHK,2,702.0018420106164,351.0009210053082,2025-12-08,2026-04-08,0.33127994524298426,22.72780516140771
ENIFTY,2,508.66668814948616,254.33334407474308,2026-03-18,2026-06-15,0.243668720054757,22.582921922677656
INDOAMIN-BE,2,941.3594000833078,470.6797000416539,2025-11-27,2026-05-08,0.44353182751540043,22.487360020655544
BAJAJ-AUTO,2,640.3978550264692,320.1989275132346,2025-12-18,2026-04-09,0.3066392881587953,22.437354343260395
NMDC,2,751.5051624021702,375.7525812010851,2025-11-26,2026-04-06,0.3586584531143053,22.388779390773283
CARBORUNIV,2,776.4311573444979,388.21557867224897,2025-11-25,2026-04-10,0.3723477070499658,22.24096097256012
VGINFOTECH-SM,2,1270.7715097323369,635.3857548661684,2025-12-08,2026-07-15,0.5995893223819302,22.081179603926483
CHEMICAL,2,459.2344234463909,229.61721172319545,2026-01-30,2026-04-23,0.2272416153319644,21.84600477521088
LINDEINDIA,2,1213.9468455982774,606.9734227991387,2025-11-17,2026-06-18,0.5831622176591376,21.70973125865967
LALPATHLAB,2,847.3126941163771,423.65634705818854,2025-12-03,2026-05-04,0.4161533196440794,21.58437186031623
INOXINDIA,2,463.63143325820545,231.81571662910272,2025-11-19,2026-02-13,0.23545516769336072,21.225260886112807
INDOTECH-BE,2,836.5465912354364,418.2732956177182,2025-11-13,2026-04-15,0.4188911704312115,21.14164819522277
JUBLINGREA,2,733.0826425180709,366.54132125903544,2025-12-08,2026-04-22,0.36960985626283366,21.095155595756253
AKSHAR,2,500.0,250.0,2026-01-02,2026-04-06,0.25735797399041754,20.874294414899207
AUTOIND-BE,2,931.2793630384257,465.63968151921284,2025-11-14,2026-05-05,0.47091033538672145,20.814664760731393
AJOONI,2,1301.912069175497,650.9560345877485,2025-11-20,2026-07-15,0.648870636550308,20.757611923542974
BIRLACORPN,2,787.3715591750258,393.6857795875129,2025-12-12,2026-05-08,0.4024640657084189,20.72168364151281
3MINDIA,2,870.9198956084535,435.4599478042268,2026-01-21,2026-07-03,0.4462696783025325,20.57726427631077
UGARSUGAR,2,547.5133591563224,273.7566795781612,2025-11-19,2026-03-04,0.2874743326488706,20.373037917475067
VSSL,2,553.0117684224457,276.50588421122285,2026-01-08,2026-04-28,0.30116358658453113,19.569482109008796
SANSTAR,2,699.5630830557424,349.7815415278712,2025-12-03,2026-04-23,0.3860369609856263,19.143553559913705
AURUM,2,760.8194066320472,380.4097033160236,2025-11-18,2026-04-20,0.4188911704312115,19.13049627450043
HIKAL,2,1195.9549461972936,597.9774730986468,2025-11-14,2026-07-08,0.6461327857631759,19.105120525598295
MAXHEALTH,2,1144.1044349650508,572.0522174825254,2025-11-14,2026-06-29,0.621492128678987,19.04115573242113
ATLASCYCLE,2,1189.6400819275175,594.8200409637587,2025-11-13,2026-07-10,0.6543463381245722,18.74159387684098
STEELCAS,2,249.25534588299604,124.62767294149802,2025-12-09,2026-02-01,0.14784394250513347,18.119504866055223
ABFRL,2,281.1699944222097,140.58499721110485,2025-12-08,2026-02-09,0.17248459958932238,17.44054545968263
ZYDUSWELL,2,456.7954119329591,228.39770596647955,2025-12-01,2026-03-13,0.2792607802874743,17.34487971878238
JSFB,2,971.0616264301318,485.5308132150659,2025-12-09,2026-07-10,0.5831622176591376,17.22437863059394
YCCL-SM,2,365.9574468085109,182.97872340425545,2025-09-26,2025-12-18,0.2272416153319644,17.136126547602192
CAMPUS,2,307.26651035022417,153.63325517511208,2025-11-24,2026-02-02,0.19164955509924708,17.106481943298913
SEL-SM,2,972.602739726028,486.301369863014,2025-12-09,2026-07-14,0.5941136208076659,16.909121099000135
NSLNISP,2,605.9010733970529,302.95053669852643,2025-11-18,2026-04-07,0.38329911019849416,16.58744645295176
DOLLAR,2,612.1263125340108,306.0631562670054,2025-12-03,2026-04-24,0.3887748117727584,16.511427815385172
AKASH,2,976.2447864300731,488.12239321503654,2025-11-17,2026-07-07,0.6351813826146475,15.794665936425467
VIVIANA-BE,2,721.7664456068842,360.8832228034421,2025-12-01,2026-05-26,0.48186173853524983,15.56099151193151
CREDITACC,2,476.88101209996273,238.44050604998137,2025-12-05,2026-04-07,0.33675564681724846,14.836303682181718
ENRIN,2,484.25393859015344,242.12696929507672,2025-12-09,2026-04-17,0.3531827515400411,14.327279945947247
WEWORK,2,357.9785415314327,178.98927076571636,2026-01-21,2026-04-27,0.26283367556468173,14.318529141634805
MAZDOCK,2,521.3886750454215,260.6943375227107,2025-12-03,2026-04-21,0.3805612594113621,14.288187047312451
RPTECH,2,337.9487985429833,168.97439927149165,2025-12-08,2026-03-10,0.2518822724161533,14.10535990922197
SAMBHV,2,476.94018044569043,238.47009022284522,2025-11-25,2026-04-07,0.36413415468856947,13.649808239804017
SBICARD,2,116.02103728055147,58.010518640275734,2025-12-18,2026-01-20,0.09034907597535935,13.61836470355431
AARTISURF,2,494.94848963595433,247.47424481797717,2025-11-19,2026-04-08,0.38329911019849416,13.432142147622873
METROBRAND,2,432.2612683744757,216.13063418723786,2026-01-16,2026-05-21,0.34223134839151265,13.162320850506104
ASIANENE,2,530.8639877627874,265.4319938813937,2025-11-17,2026-04-20,0.4216290212183436,13.052214424738274
UCOBANK,2,643.1179107251411,321.55895536257054,2025-12-04,2026-06-17,0.5338809034907598,12.383378122335875
CUB,2,173.39478938027673,86.69739469013837,2026-03-05,2026-04-28,0.14784394250513347,12.330710306529259
MTEDUCARE-BE,2,673.8616838487978,336.9308419243989,2025-11-13,2026-06-16,0.5886379192334018,11.715578351638989
ESG,2,530.356912679998,265.178456339999,2026-01-28,2026-07-20,0.4736481861738535,11.527884119038578
ROSSELLIND,2,767.5347745935987,383.76738729679937,2025-11-14,2026-07-20,0.6789869952087612,11.506527619494268
BHARATSE,2,170.3791830094783,85.18959150473916,2025-12-09,2026-02-05,0.15879534565366188,11.225672040103252
TATACOMM,2,368.80575324804136,184.40287662402068,2026-01-13,2026-05-20,0.34770704996577684,10.977670511565352
SPLPETRO,2,219.7364914617258,109.8682457308629,2025-11-17,2026-02-03,0.2135523613963039,10.714168088203891
DDEVPLSTIK,2,609.3561927199012,304.6780963599506,2025-11-17,2026-06-19,0.5859000684462696,10.622995139682324
LAMOSAIC-ST,2,443.30730815221295,221.65365407610648,2026-01-12,2026-06-18,0.42984257357973993,10.617918426882689
JAGRAN,2,507.0431510008718,253.5215755004359,2025-11-18,2026-05-21,0.5037645448323066,10.316377263471853
FIDEL-SM,2,548.8505747126444,274.4252873563222,2025-10-09,2026-04-29,0.5530458590006845,10.143481516943886
CPSEETF,2,555.5387598488587,277.76937992442936,2025-11-24,2026-06-18,0.5639972621492129,10.060663220507337
UCL-ST,2,923.4802650533,461.74013252665,2025-03-05,2026-02-09,0.9336071184120466,9.923120523407736
INDHOTEL,2,407.1863752980669,203.59318764903344,2026-01-14,2026-06-19,0.4271047227926078,9.795194019015408
QGOLDHALF,2,272.2026651619072,136.1013325809536,2026-03-24,2026-07-17,0.31485284052019163,8.904178112823447
LTFOODS,2,132.6262288503974,66.3131144251987,2025-12-08,2026-02-03,0.15605749486652978,8.80932581567897
KEL-SM,2,532.1072924468111,266.05364622340556,2025-09-29,2026-05-27,0.6570841889117043,8.209510803264664
DIGISPICE-BE,2,137.59654564252241,68.79827282126121,2025-11-20,2026-01-23,0.17522245037645448,8.111339684335261
EPACKPEB,2,330.1678654722673,165.08393273613365,2026-01-16,2026-06-18,0.4188911704312115,8.063221278214371
GRAUWEIL,2,1879.4976956576884,939.7488478288442,2023-06-26,2026-04-20,2.817248459958932,6.304107717882768
INDIANCARD,2,350.1900783779986,175.0950391889993,2025-12-04,2026-07-08,0.5913757700205339,5.993004589347306
REMSONSIND,2,217.86756262113659,108.93378131056829,2025-12-09,2026-04-27,0.3805612594113621,5.826871993736926
KANANIIND,2,219.63342652997724,109.81671326498862,2025-11-13,2026-04-09,0.4024640657084189,5.546509928848642
HNDFDS,2,65.28512893638731,32.642564468193655,2025-12-23,2026-02-09,0.13141683778234087,5.076287053333117
ETL-SM,2,111.05695585573042,55.52847792786521,2025-10-23,2026-01-13,0.2245037645448323,5.042524537577231
VISAKAIND,2,239.1994743678339,119.59973718391694,2025-11-14,2026-05-11,0.487337440109514,4.97007165867378
WINDMACHIN,2,171.75465870064502,85.87732935032251,2025-11-24,2026-04-15,0.3887748117727584,4.477686814734372
HOLMARC-SM,2,223.25527049358197,111.62763524679099,2025-10-07,2026-04-16,0.5229295003422314,4.3127685321020515
SUPREMEPWR-ST,2,162.3833666935045,81.19168334675226,2025-11-13,2026-04-15,0.4188911704312115,3.9202586316476884
ASIANPAINT,2,120.46283146103406,60.23141573051703,2026-01-20,2026-06-01,0.3613963039014374,3.3688469437710644
JUSTDIAL,2,167.0875638791274,83.5437819395637,2025-11-17,2026-07-14,0.6543463381245722,2.5647429979396064
SHREECEM,2,150.41300072292893,75.20650036146446,2025-11-21,2026-06-25,0.5913757700205339,2.5566388323396527
JGCHEM,2,57.94716248999487,28.973581244997433,2025-11-19,2026-02-11,0.2299794661190965,2.544221109217615
PSB,2,78.2505094504395,39.12525472521975,2025-12-12,2026-05-07,0.3997262149212868,1.9691195497534952
KNAGRI,2,43.55765784343225,21.778828921716126,2025-11-27,2026-02-19,0.2299794661190965,1.907838396973216
LOWVOL,2,77.73874383899829,38.869371919499144,2026-02-03,2026-07-03,0.4106776180698152,1.903508647384955
ARIHANT,2,646.47454237336,323.23727118668,2021-10-07,2026-07-20,4.783025325119781,1.31832330358157
FLFL-BZ,2,26.500677924319007,13.250338962159503,2026-01-27,2026-04-15,0.2135523613963039,1.2470150032098948
MANCREDIT,2,40.960559949740706,20.480279974870353,2025-11-19,2026-05-21,0.5010266940451745,0.8191999456178545
BHEL,2,13.349221721291087,6.674610860645544,2026-01-12,2026-04-09,0.23819301848049282,0.5616347030589219
HDFCLIQUID,2,4.125171599740982,2.062585799870491,2025-12-23,2026-01-20,0.07665982203969883,0.5394527770501201
PRIMO,2,13.10117803612593,6.550589018062965,2025-12-09,2026-04-06,0.32306639288158795,0.40608275007867345
FDC,2,7.270325343731315,3.6351626718656576,2025-11-17,2026-05-26,0.5201916495550992,0.13980929941037612
GROWWLIQID,2,1.8405965006287466,0.9202982503143733,2026-02-23,2026-06-08,0.2874743326488706,0.06404106990720582
LIQGRWBEES,2,2.6056148699002373,1.3028074349501186,2026-01-27,2026-07-06,0.4380561259411362,0.059491243054310416
CYIENTDLM,2,-11.984655847088106,-5.992327923544053,2025-11-24,2026-05-05,0.44353182751540043,-0.27000647471655537
SCML-SM,2,-8.781645041427282,-4.390822520713641,2026-01-09,2026-02-26,0.13141683778234087,-0.6662922452176145
ABBOTINDIA,2,-5.7506874036424165,-2.8753437018212082,2025-11-14,2025-12-09,0.06844626967830253,-0.8368954694896735
NUVOCO,2,-50.516430600892136,-25.258215300446068,2025-11-21,2026-05-07,0.45722108145106094,-1.1015460251595388
MGEL-BE,2,-36.69972046030466,-18.34986023015233,2025-12-30,2026-04-20,0.30390143737166325,-1.2025514351170163
VIGOR-ST,2,-81.97308968437824,-40.98654484218912,2025-12-05,2026-06-04,0.49555099247091033,-1.6472794039016692
SENSEXETF,2,-13.029120699410612,-6.514560349705306,2026-01-09,2026-02-03,0.06844626967830253,-1.886769099335417
HATHWAY,2,-136.3866579842272,-68.1933289921136,2025-11-24,2026-06-19,0.5667351129363449,-2.393973156932472
MAHLOG,2,-48.299458228406365,-24.149729114203183,2025-11-19,2026-01-28,0.19164955509924708,-2.4946586166640583
FORCAS-SM,2,-138.10603117738083,-69.05301558869041,2026-01-06,2026-07-03,0.487337440109514,-2.813308367447276
RAJPUTANA-SM,2,-156.5361037122941,-78.26805185614705,2025-11-07,2026-05-25,0.5448323066392882,-2.8543034662430466
HITECHCORP-BE,2,-138.84898155872042,-69.42449077936021,2025-11-28,2026-05-21,0.47638603696098564,-2.892401169546588
RANASUG,2,-153.01612319270285,-76.50806159635142,2025-11-14,2026-04-16,0.4188911704312115,-3.614191335346262
ONDOOR-SM,2,-91.80821718931531,-45.90410859465766,2025-11-13,2026-02-11,0.2464065708418891,-3.673904467638056
WAAREEENER,2,-144.80595452579848,-72.40297726289924,2025-11-20,2026-04-10,0.3860369609856263,-3.708019315722466
ICICIBANK,2,-54.05220544688257,-27.026102723441284,2026-03-04,2026-04-21,0.13141683778234087,-4.040303575077731
PREMIERENE,2,-166.1803758097176,-83.0901879048588,2025-11-19,2026-04-16,0.405201916495551,-4.051282990755645
PROFX-SM,2,-224.76050864074864,-112.38025432037432,2025-11-14,2026-06-02,0.5475701574264202,-4.066525091203155
OFSS,2,-143.24757705982097,-71.62378852991048,2025-12-11,2026-04-15,0.34223134839151265,-4.128327294163503
EMAMIPAP,2,-196.82141567699364,-98.41070783849682,2025-11-26,2026-04-29,0.4216290212183436,-4.605255131755614
EIMCOELECO,2,-124.44202230540077,-62.221011152700385,2026-01-08,2026-04-07,0.243668720054757,-5.009242806884695
SUVEN,2,-109.40477239983511,-54.702386199917555,2025-11-21,2026-02-04,0.2053388090349076,-5.216393843453937
SHK,2,-143.68197649544868,-71.84098824772434,2025-11-20,2026-02-06,0.2135523613963039,-6.552451763969747
JMA,2,-165.87138323061617,-82.93569161530809,2025-11-18,2026-02-13,0.23819301848049282,-6.781258171015059
SENSEXBETA,2,-49.98759499118208,-24.99379749559104,2026-01-09,2026-02-03,0.06844626967830253,-7.059903242925691
KRONOX,2,-262.57314795312914,-131.28657397656457,2025-12-05,2026-04-07,0.33675564681724846,-7.5972416958864475
VSTL,2,-337.1772280502594,-168.5886140251297,2025-11-13,2026-04-16,0.4216290212183436,-7.8128482357031075
INDOWIND-BE,2,-89.46566796719975,-44.732833983599875,2025-11-14,2025-12-23,0.10677618069815195,-8.072052697926523
TVVISION,2,-525.5069094666146,-262.7534547333073,2025-12-01,2026-07-15,0.6187542778918549,-8.354542791729003
VHL,2,-422.8453568728328,-211.4226784364164,2025-11-13,2026-05-04,0.47091033538672145,-8.766395151822126
DBL,2,-360.7703814657374,-180.3851907328687,2025-11-20,2026-04-10,0.3860369609856263,-9.079286873037473
HLEGLAS,2,-432.76783670227894,-216.38391835113947,2026-01-20,2026-07-08,0.46269678302532513,-9.118693691372414
SHREYANIND,2,-377.8948881791955,-188.94744408959775,2025-11-26,2026-04-16,0.3860369609856263,-9.497113323969819
DCMNVL-BE,2,-462.63483052813444,-231.31741526406722,2025-11-14,2026-04-24,0.4407939767282683,-10.188778324771707
UFLEX,2,-491.283394919873,-245.6416974599365,2025-11-13,2026-04-29,0.45722108145106094,-10.432623631480597
COROMANDEL,2,-58.319289791349426,-29.159644895674713,2026-01-21,2026-02-09,0.05201916495550993,-10.634845439190354
MAHEPC,2,-441.23022121769327,-220.61511060884663,2025-11-21,2026-04-13,0.3915126625598905,-10.886628438112389
BBTC,2,-98.7511677741548,-49.3755838870774,2026-01-12,2026-02-11,0.08213552361396304,-11.381285362652061
CRAYONS-SM,2,-477.64882871265945,-238.82441435632973,2025-11-11,2026-04-07,0.4024640657084189,-11.450558157834434
ORCHPHARMA,2,-408.5121991750325,-204.25609958751625,2026-01-09,2026-05-07,0.32306639288158795,-12.111720274480719
AIAENG,2,-154.12300077803536,-77.06150038901768,2026-03-02,2026-04-13,0.11498973305954825,-12.635011602824664
NUVAMA,2,-353.917738553496,-176.958869276748,2026-01-30,2026-05-06,0.26283367556468173,-12.811280811376646
ALKYLAMINE,2,-522.1171866235195,-261.05859331175975,2025-12-02,2026-04-22,0.3860369609856263,-12.96930598486352
RSYSTEMS,2,-218.23708233717002,-109.11854116858501,2025-11-24,2026-01-21,0.15879534565366188,-12.973259395893223
IFBIND,2,-825.6118433322281,-412.80592166611405,2025-12-10,2026-07-14,0.5913757700205339,-13.559168945391287
GURUNANAK-ST,2,-113.23018790849756,-56.61509395424878,2026-03-12,2026-04-09,0.07665982203969883,-13.804079419063232
HAL,2,-553.3542573531226,-276.6771286765613,2025-11-28,2026-04-16,0.3805612594113621,-13.893273370417935
VINYAS-SM,2,-459.1285786992627,-229.56428934963134,2025-12-31,2026-04-20,0.30116358658453113,-14.449406884081718
SAKHTISUG,2,-583.0243937497388,-291.5121968748694,2025-11-25,2026-04-13,0.3805612594113621,-14.602105847625191
BAJAJHLDNG,2,-704.0248060717213,-352.01240303586064,2025-11-24,2026-05-06,0.4462696783025325,-15.090669695973148
INDIGO,2,-548.4396305272445,-274.21981526362225,2025-12-17,2026-04-21,0.34223134839151265,-15.19503799816001
GLOBALPET-ST,2,-661.2775757163736,-330.6387878581868,2025-11-26,2026-04-22,0.4024640657084189,-15.63283587182378
POLYPLEX,2,-622.0989462893517,-311.04947314467586,2025-11-21,2026-04-08,0.37782340862423,-15.633327156456467
LAKSHYA-ST,2,-376.66696105272285,-188.33348052636143,2026-01-23,2026-04-15,0.2245037645448323,-15.719447478453896
GRCL-ST,2,-788.8723956362849,-394.43619781814243,2025-08-12,2026-02-01,0.4736481861738535,-15.927372059972667
RUCHINFRA,2,-617.6470588235297,-308.82352941176487,2025-11-26,2026-04-02,0.34770704996577684,-16.752907330782186
ULTRACEMCO,2,-465.76454225748427,-232.88227112874213,2025-12-09,2026-03-13,0.25735797399041754,-16.916956909117808
MAGADSUGAR,2,-664.6425345583631,-332.32126727918154,2025-11-20,2026-03-30,0.35592060232717315,-17.57110757356941
THEINVEST,2,-856.6304284303781,-428.31521421518903,2025-11-13,2026-04-23,0.4407939767282683,-18.38605161507807
AAVAS,2,-768.3025800449477,-384.15129002247386,2025-12-09,2026-04-23,0.36960985626283366,-19.449667792638536
ATAM,2,-914.7113785575704,-457.3556892787852,2025-11-24,2026-05-04,0.4407939767282683,-19.557447576086783
RKSWAMY,2,-978.0802161768274,-489.0401080884137,2025-12-02,2026-05-20,0.46269678302532513,-19.94467759988836
AURIONPRO,2,-366.95869730929064,-183.47934865464532,2025-11-21,2026-01-21,0.16700889801505817,-20.05705109718826
DIVIDEND,2,-219.00682764406542,-109.50341382203271,2026-03-05,2026-04-10,0.09856262833675565,-20.12202033286655
VGL,2,-523.6526768490241,-261.8263384245121,2026-01-12,2026-04-07,0.2327173169062286,-20.635757817770596
GEECEE-BE,2,-595.7195643864138,-297.8597821932069,2026-01-02,2026-04-09,0.2655715263518138,-20.64790426128047
RUBFILA,2,-934.3129568148945,-467.15647840744725,2025-11-21,2026-04-16,0.3997262149212868,-21.759996220600154
MEDIASSIST,2,-1117.833739214453,-558.9168696072265,2025-11-19,2026-05-12,0.47638603696098564,-22.028827217986947
MEDPLUS,2,-1163.9444943286499,-581.9722471643249,2026-01-23,2026-07-22,0.4928131416837782,-22.205407838771805
RHFL-BZ,2,-1043.6550236743592,-521.8275118371796,2025-10-09,2026-03-13,0.4243668720054757,-22.874396118332996
GICL,2,-832.7691811734371,-416.38459058671856,2026-02-03,2026-06-03,0.32854209445585214,-23.25282133916823
MUFTI,2,-599.4333709285603,-299.71668546428015,2025-11-14,2026-02-03,0.22176591375770022,-24.3263695162813
BEWLTD-SM,2,-971.2369137338328,-485.6184568669164,2025-11-26,2026-04-08,0.36413415468856947,-24.46564609916191
CGCL,2,-821.2056745128464,-410.6028372564232,2025-12-11,2026-04-01,0.30390143737166325,-24.569908466063673
GALAXYSURF,2,-1109.3985592255162,-554.6992796127581,2025-11-14,2026-04-15,0.4161533196440794,-24.615241291625523
TAINWALCHM,2,-259.05283964005116,-129.52641982002558,2025-11-13,2025-12-16,0.09034907597535935,-25.211319495363572
PREMEXPLN,2,-1082.2387848516605,-541.1193924258303,2025-11-26,2026-04-16,0.3860369609856263,-25.673881022827604
NIACL,2,-1106.2282723416454,-553.1141361708227,2025-11-17,2026-04-10,0.3942505133470226,-25.722255826343744
APCOTEXIND,2,-668.4771304367503,-334.23856521837513,2026-01-12,2026-04-06,0.2299794661190965,-25.980330960801545
HMVL,2,-1175.3208059094861,-587.6604029547431,2025-11-17,2026-04-10,0.3942505133470226,-27.177163807371997
RNFI-SM,2,-1004.0399330485016,-502.0199665242508,2025-12-09,2026-04-08,0.32854209445585214,-27.53435939744896
LAOPALA,2,-1911.7834167868439,-955.8917083934219,2025-11-18,2026-07-15,0.6543463381245722,-27.69361093276652
CERA,2,-1167.2830522637782,-583.6415261318891,2025-11-20,2026-04-08,0.3805612594113621,-27.830758077635252
STARPAPER,2,-406.5542106679128,-203.2771053339564,2025-12-05,2026-01-20,0.12594113620807665,-28.075871186680835
WCIL,2,-670.085630664473,-335.0428153322365,2025-11-20,2026-02-04,0.2080766598220397,-28.34699620443374
VETO-BE,2,-1187.311213297003,-593.6556066485015,2025-11-25,2026-04-08,0.3668720054757016,-29.14352912783953
MARATHON,2,-1186.9380423054097,-593.4690211527048,2025-12-05,2026-04-16,0.3613963039014374,-29.504170372906813
JYOTICNC,2,-1274.8979304545608,-637.4489652272804,2026-01-28,2026-06-19,0.3887748117727584,-29.587312156111302
TATAELXSI,2,-1766.5871055303842,-883.2935527651921,2025-12-11,2026-07-01,0.5530458590006845,-29.63539707137587
IGARASHI,2,-1458.9962830670822,-729.4981415335411,2025-11-26,2026-05-08,0.4462696783025325,-29.769568695876238
GODREJAGRO,2,-738.4016891804415,-369.20084459022075,2025-11-17,2026-02-03,0.2135523613963039,-30.176677190863778
LINC,2,-1408.0334390730713,-704.0167195365357,2025-11-25,2026-04-28,0.4216290212183436,-30.22756846534239
DCCL-SM,2,-1506.8874451870136,-753.4437225935068,2025-11-21,2026-05-04,0.4490075290896646,-30.493979284753546
ISHANCH,2,-868.8233092851831,-434.41165464259154,2026-01-12,2026-04-13,0.24914442162902123,-30.567185293611576
SOMANYCERA,2,-1248.3099080300171,-624.1549540150086,2025-11-25,2026-04-06,0.3613963039014374,-30.85421059403136
SHEKHAWATI-BE,2,-631.6823718685358,-315.8411859342679,2025-11-19,2026-01-21,0.17248459958932238,-31.497756987870385
KRISHCA-SM,2,-1404.0809052837917,-702.0404526418959,2025-11-13,2026-04-08,0.3997262149212868,-31.511400599018813
LEMONTREE,2,-596.027484306983,-298.0137421534915,2025-11-21,2026-01-19,0.16153319644079397,-31.643601999004712
RKDL,2,-262.04906204906376,-131.02453102453188,2025-12-08,2026-01-02,0.06844626967830253,-32.15601100138608
VMM,2,-2255.5220162952432,-1127.7610081476216,2025-11-19,2026-07-17,0.6570841889117043,-32.22649794529558
AKSHOPTFBR-BE,2,-1588.0658313147323,-794.0329156573662,2025-11-13,2026-04-23,0.4407939767282683,-32.4514173307895
ANNAPURNA-SM,2,-1210.745951546134,-605.372975773067,2025-12-05,2026-04-02,0.32306639288158795,-32.932441702204905
ARCHIDPLY,2,-1635.2119152589637,-817.6059576294818,2025-11-17,2026-04-29,0.4462696783025325,-32.9749376870459
AKANKSHA-ST,2,-1233.1297709923658,-616.5648854961829,2025-12-10,2026-04-09,0.32854209445585214,-33.00642030395876
KOTHARIPET,2,-1212.4668811779854,-606.2334405889927,2025-12-10,2026-04-06,0.3203285420944558,-33.20188458279508
SAJHOTELS-ST,2,-2387.5804756273806,-1193.7902378136903,2025-11-17,2026-07-16,0.6598220396988365,-33.863600885153744
MOLDTECH,2,-1355.1820635444856,-677.5910317722428,2025-12-09,2026-04-16,0.35044490075290896,-34.00183913875887
REFEX,2,-1885.3228640430907,-942.6614320215454,2025-11-28,2026-05-27,0.4928131416837782,-34.55202186988985
MOMNC,2,-284.0779635038007,-142.03898175190034,2026-03-17,2026-04-10,0.06570841889117043,-35.50553445301623
FIRSTCRY,2,-1600.5741078129925,-800.2870539064962,2025-11-18,2026-04-07,0.38329911019849416,-36.558619590884625
JISLJALEQS,2,-1850.7202990947737,-925.3601495473869,2025-11-24,2026-05-07,0.4490075290896646,-36.60564481398389
AAREYDRUGS-BE,2,-1465.979316181547,-732.9896580907734,2025-12-04,2026-04-10,0.34770704996577684,-36.61316025399125
DCG-SM,2,-947.1347340344262,-473.5673670172131,2026-01-19,2026-04-07,0.2135523613963039,-37.24585734981677
JIOFIN,2,-537.1504541809497,-268.57522709047487,2025-12-08,2026-01-20,0.11772758384668036,-37.435805758912046
KIRLOSBROS,2,-1710.405169181565,-855.2025845907825,2025-11-17,2026-04-09,0.3915126625598905,-38.067571887286164
DECCANCE,2,-1523.6147955391345,-761.8073977695673,2025-12-04,2026-04-09,0.34496919917864477,-38.070660338948755
NRL-BE,2,-1666.098315517699,-833.0491577588494,2025-11-24,2026-04-10,0.3750855578370979,-38.485550788643444
TEXMOPIPES,2,-1769.6227863491351,-884.8113931745676,2025-11-18,2026-04-10,0.3915126625598905,-39.19133691363012
KEC,2,-2496.948011564802,-1248.474005782401,2025-12-01,2026-06-22,0.5557837097878165,-40.36235178297686
ENIL,2,-698.6322746269825,-349.31613731349125,2026-02-16,2026-04-08,0.13963039014373715,-40.46947876763816
MANUGRAPH-BE,2,-1721.183095921339,-860.5915479606695,2025-11-28,2026-04-07,0.35592060232717315,-41.18035335797104
DHARARAIL-ST,2,-413.0042714760325,-206.50213573801625,2026-03-13,2026-04-10,0.07665982203969883,-42.316022827572795
HIRECT,2,-1031.5721669363747,-515.7860834681874,2025-11-26,2026-02-06,0.1971252566735113,-42.43827231199552
NFL,2,-596.0169710169711,-298.00848550848553,2025-11-19,2025-12-29,0.10951403148528405,-42.94368635680777
MASON-SM,2,-857.9139750840956,-428.9569875420478,2025-11-24,2026-01-21,0.15879534565366188,-43.15580017230188
TRU,2,-1900.4429396349806,-950.2214698174903,2025-12-10,2026-04-24,0.36960985626283366,-43.4624638247064
KOHINOOR,2,-1883.1377150299525,-941.5688575149762,2025-11-27,2026-04-09,0.36413415468856947,-43.61570764587598
DENORA,2,-1201.537974818671,-600.7689874093355,2025-11-14,2026-02-03,0.22176591375770022,-43.85440540275516
BFINVEST,2,-1980.8379693018667,-990.4189846509333,2025-11-20,2026-04-08,0.3805612594113621,-44.01393417103498
ETML-SM,2,-3200.9030860091693,-1600.4515430045847,2025-10-29,2026-06-23,0.648870636550308,-44.81970494525203
TATACHEM,2,-2120.665717050979,-1060.3328585254894,2025-11-17,2026-04-10,0.3942505133470226,-45.36763572733459
EFFWA-ST,2,-1358.792238159789,-679.3961190798944,2026-01-08,2026-04-06,0.24093086926762491,-45.45588267174793
ABLBL,2,-594.6688649290218,-297.3344324645109,2025-11-13,2025-12-19,0.09856262833675565,-46.31438170849592
HILINFRA-BE,2,-2295.4939044303264,-1147.7469522151632,2025-11-14,2026-04-15,0.4161533196440794,-46.56174937737052
MARINE,2,-1863.2239461463503,-931.6119730731751,2025-12-08,2026-04-07,0.32854209445585214,-46.6125250715277
ABHAPOWER-SM,2,-2751.5503875969,-1375.77519379845,2025-10-16,2026-04-21,0.5119780971937029,-46.66287764399839
BSHSL-BE,2,-2097.145970936355,-1048.5729854681774,2025-11-19,2026-04-02,0.3668720054757016,-47.35162014525619
INVENTURE,2,-2172.085646312449,-1086.0428231562246,2025-11-21,2026-04-08,0.37782340862423,-47.699134065920305
ATL,2,-2027.4608303461737,-1013.7304151730868,2025-11-26,2026-04-02,0.34770704996577684,-47.88130312087402
KRITI-BE,2,-2263.7473298215655,-1131.8736649107827,2025-11-19,2026-04-08,0.38329911019849416,-48.810084051099054
ADANIENSOL,2,-405.7409271417048,-202.8704635708524,2026-01-12,2026-02-03,0.06023271731690623,-49.725351158208944
TRACXN,2,-2455.3099087128767,-1227.6549543564383,2025-11-18,2026-04-15,0.405201916495551,-50.10804033656917
GULFPETRO-BE,2,-2455.9391668296316,-1227.9695834148158,2025-11-13,2026-04-08,0.3997262149212868,-50.59130602859747
GTL,2,-2407.803150567834,-1203.901575283917,2025-11-18,2026-04-08,0.3860369609856263,-51.01074740849456
AVADHSUGAR-BE,2,-1419.6326504975464,-709.8163252487732,2025-11-19,2026-02-05,0.2135523613963039,-51.17654565159351
VERTOZ-BE,2,-466.30650980044726,-233.15325490022363,2025-12-30,2026-01-23,0.06570841889117043,-51.651705156353515
WHITEFORCE-ST,2,-1525.85406991755,-762.927034958775,2025-10-30,2026-01-21,0.2272416153319644,-51.740944939349234
MOHITIND,2,-2484.6149933882607,-1242.3074966941304,2025-11-18,2026-04-10,0.3915126625598905,-51.787998387132326
PANAMAPET,2,-640.9734557095295,-320.48672785476475,2026-03-05,2026-04-07,0.09034907597535935,-51.96299472558672
GTPL,2,-3270.777181707296,-1635.388590853648,2025-12-08,2026-06-23,0.5393566050650239,-52.02262729398295
STUDIOLSD-SM,2,-2282.801943818893,-1141.4009719094465,2025-12-02,2026-04-08,0.34770704996577684,-52.53912782356882
ONMOBILE-BE,2,-1379.6342478028284,-689.8171239014142,2026-02-03,2026-04-16,0.1971252566735113,-52.91016024155477
VINSYS-ST,2,-1816.6758306892186,-908.3379153446093,2026-01-02,2026-04-09,0.2655715263518138,-52.995424418144054
WENDT,2,-2213.6616681653854,-1106.8308340826927,2025-12-09,2026-04-09,0.33127994524298426,-53.01284500344623
ALCODIS-ST,2,-1716.3740744847282,-858.1870372423641,2025-09-05,2025-12-05,0.24914442162902123,-53.03670395568888
JSWHL,2,-2228.525170818411,-1114.2625854092055,2026-03-09,2026-07-08,0.33127994524298426,-53.283075832121995
VINYLINDIA,2,-2639.1831481321906,-1319.5915740660953,2025-11-13,2026-04-07,0.39698836413415467,-53.7841214871216
READYMIX-SM,2,-3718.1849972119053,-1859.0924986059526,2025-11-21,2026-06-29,0.6023271731690623,-53.7857992337173
RBS-ST,2,-2664.44175900799,-1332.220879503995,2025-11-17,2026-04-10,0.3942505133470226,-54.43022948750793
INTERNET,2,-934.0903630732181,-467.04518153660905,2025-12-09,2026-01-23,0.12320328542094455,-54.88484890445113
BSL,2,-1140.1785803722482,-570.0892901861241,2026-02-20,2026-04-16,0.15058179329226556,-55.24371881496535
INNOVANA,2,-452.0517680746728,-226.0258840373364,2025-11-17,2025-12-08,0.057494866529774126,-55.27210418021342
BARFLEX-SM,2,-1356.6926444561748,-678.3463222280874,2025-11-17,2026-01-20,0.17522245037645448,-56.4858469932893
CHEMFAB-BE,2,-2723.5057947459363,-1361.7528973729682,2025-11-20,2026-04-08,0.3805612594113621,-56.6316168726919
DECCANTRAN-SM,2,-2900.40067524966,-1450.20033762483,2025-11-17,2026-04-15,0.4079397672826831,-56.81596487295717
SURAJEST,2,-544.4537258919228,-272.2268629459614,2025-11-24,2025-12-18,0.06570841889117043,-57.34393256737078
ACC,2,-2242.20138071952,-1121.10069035976,2025-11-24,2026-03-09,0.2874743326488706,-58.65266691907279
AARON,2,-1977.7375969008772,-988.8687984504386,2026-01-13,2026-04-08,0.2327173169062286,-61.206586793579156
KPITTECH,2,-3671.5083539237085,-1835.7541769618542,2026-01-06,2026-07-01,0.48186173853524983,-61.306190486669955
EMAMILTD,2,-682.9573701680488,-341.4786850840244,2026-01-09,2026-02-04,0.07118412046543464,-62.9817280953411
MHHL-SM,2,-5097.538187428025,-2548.7690937140123,2025-09-29,2026-06-18,0.7173169062286106,-62.982129981045276
AMJLAND,2,-1439.846005774784,-719.923002887392,2025-11-25,2026-01-21,0.15605749486652978,-63.07257232817405
BILVYAPAR-BE,2,-3579.9631576278916,-1789.9815788139458,2025-11-06,2026-04-13,0.432580424366872,-64.10096451051093
ZENSARTECH,2,-2179.201228122819,-1089.6006140614095,2025-11-18,2026-02-12,0.23545516769336072,-64.79311990173468
ANMOL,2,-3381.049920385981,-1690.5249601929904,2025-11-20,2026-04-06,0.3750855578370979,-66.71770307864742
DELTIC-ST,2,-3315.3695674492074,-1657.6847837246037,2025-11-27,2026-04-08,0.3613963039014374,-67.1918894455676
SHIVALIK-BE,2,-3584.2056493909768,-1792.1028246954884,2025-12-04,2026-04-20,0.3750855578370979,-69.37201655300231
SPLIL,2,-2891.7023717543498,-1445.8511858771749,2025-12-26,2026-04-08,0.28199863107460643,-70.19126401354883
BANG,2,-2427.5460187711287,-1213.7730093855644,2025-12-17,2026-03-06,0.216290212183436,-72.35220160492088
KAMATHOTEL,2,-2555.1840040324314,-1277.5920020162157,2025-11-19,2026-02-06,0.216290212183436,-74.44197055327116
APRAMEYA-SM,2,-5169.583791977635,-2584.7918959888175,2026-01-08,2026-05-29,0.3860369609856263,-84.81602369355387
AKI,2,-3439.4277560279534,-1719.7138780139767,2025-12-08,2026-02-24,0.2135523613963039,-86.10705197890145
VIPCLOTHNG-BE,2,-1518.7769742495495,-759.3884871247748,2025-12-23,2026-01-21,0.07939767282683094,-87.44123489728601
EMMIL-SM,2,-1556.0625582945738,-778.0312791472869,2026-01-07,2026-01-28,0.057494866529774126,-94.7227483766587
NDGL,2,-1856.7740075074425,-928.3870037537213,2025-11-13,2025-12-03,0.05475701574264202,-97.65079533480915
TTML,2,-1825.2359196311038,-912.6179598155519,2025-11-27,2025-12-16,0.05201916495550993,-97.92292861683826
IDENTICAL-SM,2,-3684.560316849854,-1842.280158424927,2025-10-27,2025-11-25,0.07939767282683094,-99.69372069680159
ASHIANA,2,714.3603447253838,357.1801723626919,2026-01-12,2026-01-30,0.049281314168377825,
BANKADD,2,393.5526460556707,196.77632302783536,2026-01-23,2026-02-03,0.030116358658453114,
BHARATFORG,2,853.0083825682989,426.50419128414944,2026-01-21,2026-02-02,0.03285420944558522,
BNKETFAXIS,2,309.15934422315735,154.57967211157867,2026-01-27,2026-02-03,0.019164955509924708,
CANBK,2,283.7785950524844,141.8892975262422,2026-02-02,2026-02-17,0.04106776180698152,
ESCORTS,2,34.498182100416784,17.249091050208392,2026-01-20,2026-02-05,0.04380561259411362,
EUROTEXIND-BE,2,1676.8771504957376,838.4385752478688,2025-10-21,2025-10-29,0.02190280629705681,
JPOLYINVST,2,1337.6115406096055,668.8057703048028,2026-01-12,2026-01-23,0.030116358658453114,
JUBLCPL,2,1762.2181985740049,881.1090992870024,2025-12-08,2025-12-22,0.038329911019849415,
MANORAMA,2,1835.4685838723883,917.7342919361942,2026-01-12,2026-01-29,0.04654346338124572,
MAXIND,2,-1063.336932270055,-531.6684661350275,2025-11-14,2025-12-01,0.04654346338124572,
METAL,2,552.0313936155529,276.01569680777646,2026-03-13,2026-03-30,0.04654346338124572,
MOSERVICE,2,-362.3094548483645,-181.15472742418225,2026-02-24,2026-03-06,0.02737850787132101,
MPHASIS,2,249.16920133850928,124.58460066925464,2026-01-30,2026-02-03,0.010951403148528405,
NAUKRI,2,-345.6093817552601,-172.80469087763004,2026-01-12,2026-01-30,0.049281314168377825,
NBCC,2,1176.8695741040733,588.4347870520367,2025-12-09,2025-12-19,0.02737850787132101,
ORICONENT,2,-506.61153995982147,-253.30576997991074,2026-05-25,2026-06-08,0.038329911019849415,
SGFIN,2,72.64424337849698,36.32212168924849,2026-01-22,2026-02-09,0.049281314168377825,
SHARIABEES,2,-154.2107085894665,-77.10535429473325,2026-02-02,2026-02-12,0.02737850787132101,
SHREDIGCEM,2,171.11241764302395,85.55620882151197,2025-12-12,2025-12-18,0.01642710472279261,
SMLT,2,-141.07456551825277,-70.53728275912638,2025-12-05,2025-12-16,0.030116358658453114,
WELINV-BE,2,391.7616488513564,195.8808244256782,2026-03-23,2026-04-01,0.024640657084188913,
GIRIRAJ-SM,1,12936.226749335692,12936.226749335692,2025-11-18,2026-01-01,0.12046543463381246,98242.68547212394
SAMAY-ST,1,3973.941368078176,3973.941368078176,2026-04-06,2026-04-28,0.06023271731690623,25759.74795180584
NIRAJISPAT,1,3564.314696738157,3564.314696738157,2026-01-13,2026-02-06,0.06570841889117043,10249.750638886842
ICIL,1,3125.476811885162,3125.476811885162,2026-01-12,2026-02-04,0.06297056810403832,7411.366774982899
LUMAXIND,1,2355.381053055472,2355.381053055472,2026-01-22,2026-02-10,0.05201916495550993,5731.94615995273
VIESL-SM,1,2289.291303375811,2289.291303375811,2026-01-29,2026-02-18,0.05475701574264202,4215.030735135949
WSI,1,2556.1312607944737,2556.1312607944737,2026-03-13,2026-04-06,0.06570841889117043,3094.9379172024906
INFOBEAN,1,4063.804201740114,4063.804201740114,2026-03-18,2026-04-28,0.11225188227241616,1986.3122799859887
MODIRUBBER,1,1707.722114586217,1707.722114586217,2025-12-04,2025-12-23,0.05201916495550993,1971.5332397731568
REPRO,1,2104.6742913973158,2104.6742913973158,2026-01-20,2026-02-13,0.06570841889117043,1729.9642842882854
VERITAAS-SM,1,1734.1862117981527,1734.1862117981527,2025-06-30,2025-07-22,0.06023271731690623,1322.5817941955802
SHRIKANHA-ST,1,2952.380952380952,2952.380952380952,2026-03-16,2026-04-21,0.09856262833675565,1280.0042090901338
JAYKAY,1,1943.490477677178,1943.490477677178,2026-03-13,2026-04-09,0.07392197125256673,1005.1332566958453
MANINDS,1,2368.832646096972,2368.832646096972,2026-01-09,2026-02-11,0.09034907597535935,951.7462864909011
JNKINDIA,1,1277.8319879357757,1277.8319879357757,2025-12-10,2025-12-29,0.05201916495550993,909.18046188824
APARINDS,1,1927.4016132974823,1927.4016132974823,2026-01-06,2026-02-03,0.07665982203969883,896.5823286991749
SPAL,1,1467.1137870589132,1467.1137870589132,2026-01-12,2026-02-03,0.06023271731690623,870.6743376771003
BUILDPRO,1,1460.89945574334,1460.89945574334,2026-06-17,2026-07-09,0.06023271731690623,861.9778017599358
SANDUMA,1,1740.5148685843812,1740.5148685843812,2026-03-20,2026-04-16,0.07392197125256673,776.4198046841279
SATIPOLY-ST,1,1855.0724637681162,1855.0724637681162,2026-01-19,2026-02-18,0.08213552361396304,693.9328877674434
WALCHANNAG,1,1454.8472775564408,1454.8472775564408,2026-03-16,2026-04-09,0.06570841889117043,690.2117074073633
MEESHO,1,1704.7464101294472,1704.7464101294472,2026-03-12,2026-04-09,0.07665982203969883,679.3956743433948
POWERINDIA,1,1303.5745022663377,1303.5745022663377,2026-01-12,2026-02-03,0.06023271731690623,664.7213994337525
HDFCSILVER,1,3145.880022932193,3145.880022932193,2026-03-23,2026-05-12,0.13689253935660506,637.4940111572558
SSFL-ST,1,1896.3282937365,1896.3282937365,2026-01-12,2026-02-13,0.08761122518822724,625.7182037128958
SILVERBND,1,3097.0501915137056,3097.0501915137056,2026-03-23,2026-05-12,0.13689253935660506,617.7155537169583
SILVER,1,3037.6731026951916,3037.6731026951916,2026-03-23,2026-05-12,0.13689253935660506,594.2831741002016
SILVERBEES,1,3022.426622571309,3022.426622571309,2026-03-23,2026-05-12,0.13689253935660506,588.3740153097813
PRECOT,1,1955.9437903532094,1955.9437903532094,2026-01-01,2026-02-04,0.09308692676249145,581.484644623427
TATSILV,1,2958.459979736576,2958.459979736576,2026-03-23,2026-05-12,0.13689253935660506,564.0526698938916
SKYGOLD,1,1147.7761836441896,1147.7761836441896,2026-01-19,2026-02-09,0.057494866529774126,561.8176259230423
SILVERAG,1,2946.5502447887748,2946.5502447887748,2026-03-23,2026-05-12,0.13689253935660506,559.6072441201164
SILVERTUC,1,2027.7033065236815,2027.7033065236815,2026-03-18,2026-04-23,0.09856262833675565,550.9091511688551
CARYSIL,1,1422.0128786072025,1422.0128786072025,2026-01-08,2026-02-03,0.07118412046543464,547.4006421280335
PAUSHAKLTD,1,2296.958855098389,2296.958855098389,2026-03-06,2026-04-16,0.11225188227241616,530.9083468931616
NARMADA,1,1454.9653579676685,1454.9653579676685,2025-12-10,2026-01-06,0.07392197125256673,528.1375379972351
VASA-SM,1,3225.806451612903,3225.806451612903,2024-05-09,2024-07-04,0.15331964407939766,519.3760026822653
RAJESHEXPO-BZ,1,1551.1328842620933,1551.1328842620933,2026-01-12,2026-02-10,0.07939767282683094,514.8168873171591
ESILVER,1,2813.034344618691,2813.034344618691,2026-03-23,2026-05-12,0.13689253935660506,511.5018690285325
SMLMAH,1,1463.7697710272378,1463.7697710272378,2026-05-18,2026-06-15,0.07665982203969883,494.16281449062245
TIMESCAN-SM,1,1875.0,1875.0,2025-10-01,2025-11-06,0.09856262833675565,471.76853537975904
ARVIND,1,1157.0945945945946,1157.0945945945946,2026-01-09,2026-02-01,0.06297056810403832,469.02635838999174
NIRAJ-BE,1,2733.459357277883,2733.459357277883,2026-03-17,2026-05-07,0.13963039014373715,464.41879831608173
RISHABH,1,988.1862404447536,988.1862404447536,2026-01-12,2026-02-01,0.05475701574264202,458.9993325020754
LASA,1,1960.1677148846973,1960.1677148846973,2025-11-25,2026-01-02,0.10403832991101986,458.72533192214615
UFBL,1,1954.149674859472,1954.149674859472,2025-11-24,2026-01-01,0.10403832991101986,456.02894618714646
HINDCOPPER,1,1550.2382642198122,1550.2382642198122,2026-03-17,2026-04-17,0.08487337440109514,446.3395554206045
SILVER360,1,2616.608118657297,2616.608118657297,2026-03-23,2026-05-12,0.13689253935660506,446.2428853808981
DBOL,1,964.9859943977591,964.9859943977591,2025-11-20,2025-12-10,0.05475701574264202,437.8331717357102
NIKITA-SM,1,1315.900463939267,1315.900463939267,2026-01-20,2026-02-16,0.07392197125256673,432.46916952695847
SABAR-SM,1,1881.1881188118814,1881.1881188118814,2025-12-22,2026-01-29,0.10403832991101986,424.2534199243361
SCI,1,2692.602162886401,2692.602162886401,2025-12-18,2026-02-09,0.14510609171800137,417.15461375816056
DABUR,1,1688.436189334931,1688.436189334931,2026-04-02,2026-05-08,0.09856262833675565,386.9061337526743
UJJIVANSFB,1,1336.7174280879865,1336.7174280879865,2026-03-12,2026-04-10,0.07939767282683094,385.5773536861018
HYBRIDFIN-BE,1,1307.3005093378597,1307.3005093378597,2026-03-10,2026-04-08,0.07939767282683094,369.9445081618181
VIJIFIN-BE,1,1839.0804597701149,1839.0804597701149,2025-11-27,2026-01-06,0.10951403148528405,367.1805274076222
MANAKSTEEL-BE,1,1968.3377308707131,1968.3377308707131,2026-03-04,2026-04-16,0.11772758384668036,360.08059919297796
BEDMUTHA,1,1909.047844623402,1909.047844623402,2025-11-27,2026-01-08,0.11498973305954825,356.94008583577903
BHAGYANGR-BE,1,951.3169476606413,951.3169476606413,2026-03-17,2026-04-08,0.06023271731690623,352.09643011299505
FRESHARA-SM,1,1699.9334664005312,1699.9334664005312,2025-11-13,2025-12-23,0.10951403148528405,319.3721622542907
NDTV,1,1212.7018888584723,1212.7018888584723,2026-03-18,2026-04-17,0.08213552361396304,302.9235088396886
HDFCGOLD,1,869.2365835222973,869.2365835222973,2026-03-24,2026-04-15,0.06023271731690623,299.01237525500017
CANARYS-SM,1,1021.8978102189784,1021.8978102189784,2026-01-16,2026-02-11,0.07118412046543464,292.30232197045376
AXISBANK,1,854.164970279294,854.164970279294,2026-03-17,2026-04-08,0.06023271731690623,289.92532297785084
SOCL-ST,1,1090.5730129390015,1090.5730129390015,2026-06-18,2026-07-16,0.07665982203969883,285.8412740373308
DCBBANK,1,1169.1868079533288,1169.1868079533288,2026-03-09,2026-04-08,0.08213552361396304,284.29295996565577
IVZINGOLD,1,844.2622950819681,844.2622950819681,2026-03-24,2026-04-15,0.06023271731690623,284.06101411919127
EGOLD,1,876.8790264853258,876.8790264853258,2026-03-24,2026-04-16,0.06297056810403832,279.9304731333698
MARKOLINES,1,1113.0790190735677,1113.0790190735677,2026-01-07,2026-02-05,0.07939767282683094,277.81256358585387
GMDCLTD,1,1153.1906835826542,1153.1906835826542,2025-11-26,2025-12-26,0.08213552361396304,277.64555288862874
GOLD360,1,869.0869086908687,869.0869086908687,2026-03-24,2026-04-16,0.06297056810403832,275.63110738801515
SILVERIETF,1,1909.8683317496964,1909.8683317496964,2026-03-24,2026-05-12,0.13415468856947296,267.97361378930447
MOSILVER,1,1907.9520947093094,1907.9520947093094,2026-03-24,2026-05-12,0.13415468856947296,267.53252338657745
GROWWSLVR,1,1905.8606368251033,1905.8606368251033,2026-03-24,2026-05-12,0.13415468856947296,267.05162222731207
SILVERBETA,1,1901.4216236438456,1901.4216236438456,2026-03-24,2026-05-12,0.13415468856947296,266.0327389403738
SILVERCASE,1,1885.5368234250222,1885.5368234250222,2026-03-24,2026-05-12,0.13415468856947296,262.4067460852725
UNIONGOLD,1,842.1436383521678,842.1436383521678,2026-03-24,2026-04-16,0.06297056810403832,261.11369075906254
SYSTANGO-SM,1,1225.9564574085816,1225.9564574085816,2026-03-06,2026-04-08,0.09034907597535935,259.65094570931456
LANCORHOL,1,1341.4634146341457,1341.4634146341457,2026-03-05,2026-04-10,0.09856262833675565,258.64397407231706
SBISILVER,1,1865.7952871870395,1865.7952871870395,2026-03-24,2026-05-12,0.13415468856947296,257.94376006617057
SILVERAXIS,1,1864.245175936436,1864.245175936436,2026-03-24,2026-05-12,0.13415468856947296,257.5953490514612
CRAFTSMAN,1,749.4212962962964,749.4212962962964,2026-03-20,2026-04-10,0.057494866529774126,251.46030976433659
SILVER1,1,1829.5507179249648,1829.5507179249648,2026-03-24,2026-05-12,0.13415468856947296,249.87369896254816
SILVERADD,1,1823.6827406442005,1823.6827406442005,2026-03-24,2026-05-12,0.13415468856947296,248.5820916769055
HINDZINC,1,1494.4632561544793,1494.4632561544793,2026-03-17,2026-04-27,0.11225188227241616,245.832468177465
MAXVOLT-ST,1,2891.8878837312773,2891.8878837312773,2026-02-01,2026-04-17,0.2053388090349076,244.54143019798238
VOLTAMP,1,953.2658820290453,953.2658820290453,2026-01-09,2026-02-05,0.07392197125256673,242.71841340089458
THOMASCOTT,1,1819.568949074959,1819.568949074959,2026-03-18,2026-05-07,0.13689253935660506,239.12122220409603
MOXSH-ST,1,4542.056074766355,4542.056074766355,2025-03-27,2025-07-17,0.3066392881587953,239.11649816227563
DREDGECORP,1,1237.3327361289962,1237.3327361289962,2026-03-16,2026-04-20,0.09582477754962354,237.83691472722177
IBULLSLTD-BE,1,3512.6825518831656,3512.6825518831656,2026-01-16,2026-04-17,0.24914442162902123,234.78207548379
AONEGOLD,1,680.4281345565753,680.4281345565753,2026-03-24,2026-04-13,0.05475701574264202,232.73649850345763
MONEYBOXX,1,1722.8137545819511,1722.8137545819511,2026-01-07,2026-02-25,0.13415468856947296,227.01611788239418
WAAREEINDO,1,1676.7252689582779,1676.7252689582779,2026-02-24,2026-04-13,0.13141683778234087,225.29037094764323
VEEKAYEM-ST,1,735.7232180075034,735.7232180075034,2025-11-10,2025-12-02,0.06023271731690623,224.98981816942677
STALLION,1,3155.475930830347,3155.475930830347,2026-02-25,2026-05-21,0.2327173169062286,224.94354435628264
LATENTVIEW,1,732.5131009341544,732.5131009341544,2026-01-12,2026-02-03,0.06023271731690623,223.3802324700248
YATRA,1,832.8468573652465,832.8468573652465,2026-01-19,2026-02-13,0.06844626967830253,221.80251868516086
APCL,1,1101.102786429834,1101.102786429834,2025-11-28,2025-12-31,0.09034907597535935,217.7755706078999
DJML,1,2840.6067056945194,2840.6067056945194,2025-11-19,2026-02-06,0.216290212183436,217.7139831596794
SUPREMEENG-BZ,1,12894.736842105263,12894.736842105263,2025-10-27,2026-07-16,0.7173169062286106,217.32311674899734
PSUBNKIETF,1,990.7307090405687,990.7307090405687,2026-03-23,2026-04-22,0.08213552361396304,215.86278048098683
BANKPSU,1,954.627949183303,954.627949183303,2026-03-23,2026-04-21,0.07939767282683094,215.30100209560695
ATLANTAELE,1,1198.2185345616504,1198.2185345616504,2026-01-13,2026-02-18,0.09856262833675565,215.2513383935231
BLUESTONE,1,1672.5372116804901,1672.5372116804901,2026-01-20,2026-03-11,0.13689253935660506,209.48690388595793
SMSPHARMA,1,1175.6738453203316,1175.6738453203316,2026-05-25,2026-06-30,0.09856262833675565,208.87097871568602
PSUBANKADD,1,782.6086956521744,782.6086956521744,2026-03-23,2026-04-17,0.06844626967830253,200.67365204509974
MUFIN,1,978.5133565621385,978.5133565621385,2026-03-17,2026-04-17,0.08487337440109514,200.39616729775278
5PAISA,1,1406.3342318059301,1406.3342318059301,2026-03-09,2026-04-22,0.12046543463381246,198.1106646485856
KRISHANA,1,674.9740394600208,674.9740394600208,2026-01-19,2026-02-10,0.06023271731690623,195.769786022319
ASHAPURMIN,1,3416.1828737300425,3416.1828737300425,2026-02-18,2026-05-29,0.2737850787132101,192.52622779928004
AVALON,1,1925.372269540528,1925.372269540528,2025-12-08,2026-02-06,0.16427104722792607,192.09422183948016
PSUBANK,1,916.5758566412389,916.5758566412389,2026-03-23,2026-04-22,0.08213552361396304,190.8723030504621
NESTLEIND,1,676.8540818868865,676.8540818868865,2026-03-25,2026-04-17,0.06297056810403832,182.9385265577611
GOLDBETA,1,858.6074327210591,858.6074327210591,2026-03-24,2026-04-22,0.07939767282683094,182.20781170504895
FINBUD-SM,1,1488.9529298751204,1488.9529298751204,2026-02-26,2026-04-16,0.13415468856947296,181.4073239176813
SINDHUTRAD,1,1666.6666666666658,1666.6666666666658,2025-12-12,2026-02-05,0.15058179329226556,178.34764026815807
PARTH-SM,1,1717.0263788968832,1717.0263788968832,2025-12-15,2026-02-10,0.15605749486652978,176.0417070112458
E2E,1,2445.4148471615717,2445.4148471615717,2025-12-01,2026-02-18,0.216290212183436,174.9590638053015
GOLD1,1,832.1870701513074,832.1870701513074,2026-03-24,2026-04-22,0.07939767282683094,173.6805562619902
KROSS,1,1761.4379084967322,1761.4379084967322,2026-03-09,2026-05-07,0.16153319644079397,173.02207978666542
HALEOSLABS,1,527.2962902964534,527.2962902964534,2026-01-21,2026-02-09,0.05201916495550993,168.54186824015142
AGUL-SM,1,2515.2625152625146,2515.2625152625146,2025-04-09,2025-07-01,0.2272416153319644,168.4074331125134
SIGNPOST,1,2024.563797641095,2024.563797641095,2025-12-03,2026-02-10,0.188911704312115,165.36599040097784
ABDL,1,3178.069979942054,3178.069979942054,2026-01-23,2026-05-08,0.2874743326488706,161.16386073479032
FAZE3Q,1,1609.1576295322595,1609.1576295322595,2025-12-09,2026-02-04,0.15605749486652978,160.15735972230388
MANDEEP-SM,1,671.785028790787,671.785028790787,2025-07-24,2025-08-18,0.06844626967830253,158.54941984810895
MANAKALUCO,1,1125.1435132032152,1125.1435132032152,2025-11-21,2026-01-01,0.11225188227241616,158.5326084984515
TAURIAN-SM,1,4027.057497181511,4027.057497181511,2025-12-10,2026-04-20,0.3586584531143053,156.90200785636614
ASMS-BE,1,2042.0168067226887,2042.0168067226887,2025-11-25,2026-02-05,0.1971252566735113,156.67316378569876
AISL-SM,1,1165.207877461706,1165.207877461706,2025-08-05,2025-09-17,0.11772758384668036,155.0290292440792
ATHERENERG,1,572.5011731581421,572.5011731581421,2026-01-12,2026-02-03,0.06023271731690623,152.00285833015155
RICHA-ST,1,2790.4929577464804,2790.4929577464804,2026-01-22,2026-04-30,0.2683093771389459,150.24952752669915
GOKULAGRO,1,1737.9547689282203,1737.9547689282203,2026-01-12,2026-03-17,0.17522245037645448,149.5549463483906
AAATECH,1,993.3495196875326,993.3495196875326,2026-03-10,2026-04-17,0.10403832991101986,148.5051607013701
MACPOWER,1,530.3030303030304,530.3030303030304,2026-01-20,2026-02-10,0.057494866529774126,145.64664077273304
SATKARTAR-ST,1,1793.677204658901,1793.677204658901,2025-12-18,2026-02-25,0.188911704312115,139.4824419006071
ASCOM-ST,1,5806.662312214239,5806.662312214239,2025-06-17,2025-12-26,0.5256673511293635,138.92542362101915
K2INFRA-ST,1,1883.2391713747645,1883.2391713747645,2026-02-23,2026-05-07,0.1998631074606434,137.09959763670886
GOKEX,1,1143.8188898422559,1143.8188898422559,2025-12-29,2026-02-13,0.12594113620807665,136.29827125863184
CONFIPET,1,2934.782608695653,2934.782608695653,2025-12-12,2026-04-01,0.30116358658453113,135.01258778025056
ALGOQUANT,1,1031.5078769692423,1031.5078769692423,2026-03-25,2026-05-06,0.11498973305954825,134.83951977126446
MSPL,1,1708.2210242587603,1708.2210242587603,2026-01-30,2026-04-08,0.1861738535249829,133.28501821751675
CHOICEGOLD,1,1219.0558434081747,1219.0558434081747,2026-03-24,2026-05-13,0.13689253935660506,131.70256562270865
EBGNG,1,1362.343096234309,1362.343096234309,2025-12-15,2026-02-09,0.15331964407939766,130.02734490110993
REGAAL-BE,1,2283.2329457907267,2283.2329457907267,2025-12-11,2026-03-12,0.24914442162902123,128.28510461415604
GLOTTIS-BE,1,1826.6192733017378,1826.6192733017378,2026-01-28,2026-04-13,0.2053388090349076,126.37642664000745
KOTYARK-BE,1,2494.2791762013726,2494.2791762013726,2025-11-26,2026-03-06,0.2737850787132101,125.5473240805936
KAYTEX-SM,1,1706.460674157302,1706.460674157302,2025-12-24,2026-03-05,0.1943874058863792,124.90877380713408
BIKEWO-ST,1,805.1948051948056,805.1948051948056,2026-03-09,2026-04-13,0.09582477754962354,124.37797073125142
NETWEB,1,1043.2892004153687,1043.2892004153687,2025-12-05,2026-01-19,0.12320328542094455,123.77713872722569
SOUTHBANK,1,1139.4465545306573,1139.4465545306573,2026-03-16,2026-05-04,0.13415468856947296,123.52453777920344
MITCON-BE,1,1628.5861535818583,1628.5861535818583,2026-01-28,2026-04-07,0.188911704312115,122.26204149542994
MADRASFERT,1,550.8870214752562,550.8870214752562,2025-12-04,2025-12-29,0.06844626967830253,118.90308919287791
TIRUPATI-SM,1,4656.43589964652,4656.43589964652,2025-05-16,2025-11-11,0.49007529089664614,118.16313147275838
COMSYN,1,933.7969204569642,933.7969204569642,2025-11-21,2026-01-02,0.11498973305954825,117.3548124189582
CRISIL,1,612.0685735073436,612.0685735073436,2025-12-09,2026-01-06,0.07665982203969883,117.04631031817128
SWASTIK-ST,1,566.6666666666664,566.6666666666664,2025-10-03,2025-10-29,0.07118412046543464,116.91169633531602
BHARATGEAR-BE,1,901.1911735989069,901.1911735989069,2026-03-05,2026-04-15,0.11225188227241616,115.69402125380267
MASKINVEST-BE,1,2524.5015207840506,2524.5015207840506,2026-01-07,2026-04-24,0.2929500342231348,115.63056484671188
SBCL,1,1732.6057298772166,1732.6057298772166,2025-11-25,2026-02-09,0.2080766598220397,115.52833605326506
ABSLAMC,1,1033.0240174672497,1033.0240174672497,2025-11-13,2025-12-30,0.12867898699520877,114.67983990012978
RPEL,1,2665.687779483415,2665.687779483415,2026-01-29,2026-05-22,0.30937713894592744,114.64812056504891
NGLFINE,1,1123.851525174569,1123.851525174569,2025-11-17,2026-01-07,0.13963039014373715,114.42170289305955
SENCO,1,688.1476683937823,688.1476683937823,2025-12-04,2026-01-05,0.08761122518822724,113.74418995781221
TECHD-ST,1,2807.162534435262,2807.162534435262,2026-01-22,2026-05-21,0.3258042436687201,113.70182482094941
VISACHROME-BE,1,2543.1340108721333,2543.1340108721333,2026-01-22,2026-05-11,0.29842573579739906,113.67346340471131
BEACON-ST,1,797.4683544303795,797.4683544303795,2026-03-09,2026-04-15,0.10130047912388775,113.27580122284728
QPOWER-BE,1,3018.1208053691275,3018.1208053691275,2025-11-28,2026-04-09,0.3613963039014374,107.47240706815404
BAFNAPH-BE,1,3013.9788612342327,3013.9788612342327,2026-01-22,2026-06-03,0.3613963039014374,107.28980298367156
BLUEDART,1,688.355831795668,688.355831795668,2026-03-17,2026-04-20,0.09308692676249145,104.44647859821794
CURIS-SM,1,1944.5771619684656,1944.5771619684656,2026-01-28,2026-04-29,0.24914442162902123,104.05308238522663
UEL,1,4378.476972184221,4378.476972184221,2025-06-05,2025-12-08,0.5092402464065708,104.03389528151763
INDUSINDBK,1,850.2048328682541,850.2048328682541,2026-03-18,2026-04-29,0.11498973305954825,103.32158550377528
GROWWCAPM,1,701.3815090329438,701.3815090329438,2026-03-04,2026-04-08,0.09582477754962354,102.87373891704728
GANDHITUBE,1,1898.9378822014805,1898.9378822014805,2025-11-19,2026-02-17,0.2464065708418891,102.50578493506958
BCG,1,1452.7845036319604,1452.7845036319604,2025-12-01,2026-02-11,0.1971252566735113,98.99906947994539
SANGANI-SM,1,548.8721804511287,548.8721804511287,2025-10-20,2025-11-18,0.07939767282683094,96.00897047862682
SRD,1,621.7851739788199,621.7851739788199,2025-11-20,2025-12-23,0.09034907597535935,94.96598272766389
RAJRILTD-BE,1,1468.1440443213296,1468.1440443213296,2025-12-04,2026-02-17,0.2053388090349076,94.86398871571593
INDUSTOWER,1,676.4415968457366,676.4415968457366,2026-04-20,2026-05-26,0.09856262833675565,94.27227337437488
UHTL-ST,1,3695.652173913045,3695.652173913045,2025-12-09,2026-06-01,0.47638603696098564,93.51113651128857
ENFUSE-SM,1,1105.0947575682987,1105.0947575682987,2025-09-23,2025-11-20,0.15879534565366188,93.49625435255584
MARINETRAN-SM,1,6344.086021505377,6344.086021505377,2025-03-20,2025-12-17,0.7446954140999316,93.42261729969357
VLINFRA-ST,1,3333.333333333333,3333.333333333333,2025-11-14,2026-04-23,0.4380561259411362,92.84647711639292
RICOAUTO,1,1090.2591599642528,1090.2591599642528,2026-03-10,2026-05-07,0.15879534565366188,91.87414155501166
ARTNIRMAN,1,1472.0930232558135,1472.0930232558135,2026-01-23,2026-04-10,0.2108145106091718,91.82947774993082
CCAVENUE,1,1050.1474926253695,1050.1474926253695,2025-12-16,2026-02-10,0.15331964407939766,91.8052648062422
ASIANTILES,1,769.1189299214876,769.1189299214876,2026-03-02,2026-04-13,0.11498973305954825,90.48140130051283
JKIPL-BE,1,2131.9964742177162,2131.9964742177162,2026-01-01,2026-04-21,0.30116358658453113,89.97362307855319
JINDALSTEL,1,466.8255860150974,466.8255860150974,2025-12-05,2025-12-31,0.07118412046543464,89.82895923851561
GPPL,1,364.24027472836787,364.24027472836787,2026-01-20,2026-02-10,0.057494866529774126,86.31209231981268
TIGERLOGS-BE,1,2813.2644740418596,2813.2644740418596,2025-12-08,2026-05-08,0.4134154688569473,82.14425858072947
LICMFGOLD,1,837.654567211807,837.654567211807,2026-03-24,2026-05-12,0.13415468856947296,82.1422140152203
FROG-ST,1,3124.056746151524,3124.056746151524,2025-11-25,2026-05-11,0.45722108145106094,81.22987068571635
AFIL,1,944.272445820434,944.272445820434,2025-12-30,2026-02-24,0.15331964407939766,80.13144387985847
DALMIASUG,1,2377.5894538606403,2377.5894538606403,2025-11-17,2026-03-30,0.36413415468856947,79.63913151448597
NAVA,1,2801.0923987255355,2801.0923987255355,2025-11-14,2026-04-17,0.4216290212183436,79.62364174552773
MODINATUR-BE,1,782.0090894844064,782.0090894844064,2026-02-20,2026-04-08,0.12867898699520877,79.5222834517892
STARHEALTH,1,705.2924791086346,705.2924791086346,2025-12-30,2026-02-11,0.11772758384668036,78.40847509759192
NIVABUPA,1,535.2697095435691,535.2697095435691,2026-03-13,2026-04-15,0.09034907597535935,78.09275958314963
VARDMNPOLY,1,1475.1773049645392,1475.1773049645392,2025-11-21,2026-02-17,0.24093086926762491,77.02535883417319
TANKUP-ST,1,1973.9197136282294,1973.9197136282294,2026-01-29,2026-05-26,0.3203285420944558,75.48411536708493
INDBANK,1,680.8002388772771,680.8002388772771,2026-03-05,2026-04-17,0.11772758384668036,74.97094445614488
KRN-BE,1,1226.613881616756,1226.613881616756,2025-12-05,2026-02-20,0.2108145106091718,73.1232687426427
JPPOWER,1,1472.9153986609872,1472.9153986609872,2026-01-12,2026-04-15,0.2546201232032854,71.53944561023195
CRAMC,1,1219.3322981366446,1219.3322981366446,2026-02-03,2026-04-22,0.2135523613963039,71.38789289959794
AHCL,1,1401.5748031496073,1401.5748031496073,2026-01-21,2026-04-20,0.243668720054757,71.30887646069127
HBLENGINE,1,1673.548031929535,1673.548031929535,2026-01-22,2026-05-07,0.2874743326488706,71.30498433296873
CENTUM,1,1214.60703889918,1214.60703889918,2025-12-04,2026-02-20,0.2135523613963039,71.0501411703528
GMBREW,1,666.9982316534044,666.9982316534044,2026-05-18,2026-07-01,0.12046543463381246,70.9158416012798
CUDML-ST,1,1631.6639741518582,1631.6639741518582,2026-01-14,2026-04-28,0.28473648186173856,70.03386643817811
MOVALUE,1,501.33096716947574,501.33096716947574,2026-03-17,2026-04-20,0.09308692676249145,69.12994725386821
DIAMONDYD,1,1163.9360739772849,1163.9360739772849,2026-03-10,2026-05-26,0.2108145106091718,68.58614019885383
ASALCBR,1,1256.9281931272333,1256.9281931272333,2026-01-28,2026-04-21,0.2272416153319644,68.37535223100699
SYRMA,1,829.9220916413578,829.9220916413578,2025-12-09,2026-02-03,0.15331964407939766,68.20447566285746
ANSALAPI-BZ,1,2719.298245614034,2719.298245614034,2025-11-26,2026-05-14,0.46269678302532513,68.17839837735026
INNOMET-ST,1,3320.1385452746163,3320.1385452746163,2025-12-09,2026-06-30,0.5557837097878165,67.50344139205309
BALAMINES,1,2515.047291487532,2515.047291487532,2025-11-26,2026-05-04,0.4353182751540041,67.42449060826551
APOLLO,1,2043.7135720233155,2043.7135720233155,2025-12-09,2026-04-20,0.3613963039014374,67.2891400514668
SANGAMIND,1,416.3783160322956,416.3783160322956,2026-03-10,2026-04-08,0.07939767282683094,67.16268804536536
GRMOVER,1,511.449421238047,511.449421238047,2026-03-02,2026-04-07,0.09856262833675565,65.87662066281388
BANKA-BE,1,2299.0307867730917,2299.0307867730917,2025-12-05,2026-05-04,0.4106776180698152,65.51433513221508
TRUALT,1,586.0442016389378,586.0442016389378,2025-12-26,2026-02-06,0.11498973305954825,64.0948237579899
VIMTALABS,1,1301.6298280866267,1301.6298280866267,2026-02-04,2026-05-07,0.2518822724161533,62.54583932330932
FIBERWEB,1,1030.662200463798,1030.662200463798,2025-11-21,2026-02-03,0.2026009582477755,62.28312581272093
UNIVCABLES,1,1269.84126984127,1269.84126984127,2026-01-19,2026-04-20,0.24914442162902123,61.57879078074533
SUBAHOTELS-SM,1,1565.6565656565663,1565.6565656565663,2026-01-13,2026-05-04,0.30390143737166325,61.3854609633735
RAYMONDREL,1,2353.16997277324,2353.16997277324,2025-11-26,2026-05-07,0.44353182751540043,61.03724740264336
AMANTA-BE,1,1913.8888888888878,1913.8888888888878,2025-12-02,2026-04-16,0.36960985626283366,60.60796984870331
MOIPO,1,1071.3433548079224,1071.3433548079224,2026-02-02,2026-04-22,0.216290212183436,60.08717523693554
EQUITASBNK,1,692.2827496757462,692.2827496757462,2026-03-02,2026-04-23,0.14236824093086928,60.02647998546784
URBANCO,1,982.1209894685293,982.1209894685293,2026-01-27,2026-04-10,0.1998631074606434,59.79767507041191
SARDAEN,1,1280.1635991820046,1280.1635991820046,2025-11-25,2026-02-27,0.25735797399041754,59.69036572278132
PSRAJ-ST,1,791.3669064748201,791.3669064748201,2026-02-16,2026-04-17,0.16427104722792607,58.98382553741028
GANECOS,1,1746.376044862978,1746.376044862978,2025-11-26,2026-04-02,0.34770704996577684,58.87022691089263
WAAREERTL,1,1765.760067467846,1765.760067467846,2025-12-09,2026-04-17,0.3531827515400411,58.4722065525614
PLAZACABLE-BE,1,2429.3146346980325,2429.3146346980325,2025-11-14,2026-05-06,0.4736481861738535,58.27184315057139
FALCONTECH-SM,1,1741.0714285714296,1741.0714285714296,2025-11-25,2026-04-02,0.35044490075290896,58.092802117610454
MRIL-ST,1,1388.0445795339417,1388.0445795339417,2026-03-06,2026-06-18,0.28473648186173856,57.852160514500284
KOPRAN-BE,1,1928.2611951475214,1928.2611951475214,2025-11-26,2026-04-17,0.3887748117727584,57.38756858579512
OBEROIRLTY,1,891.5373859777604,891.5373859777604,2026-01-29,2026-04-08,0.188911704312115,57.155940778584366
VINDHYATEL,1,1063.7871624328873,1063.7871624328873,2026-01-22,2026-04-15,0.2272416153319644,56.02824484949589
FINCABLES,1,975.5773825325192,975.5773825325192,2025-11-25,2026-02-10,0.2108145106091718,55.5132941448655
ARTEMISMED,1,1256.5356004250796,1256.5356004250796,2026-01-29,2026-05-07,0.2683093771389459,55.448880402948575
ELGIEQUIP,1,431.14406779661067,431.14406779661067,2025-12-30,2026-02-03,0.09582477754962354,55.348450545747106
RHETAN,1,318.1076672104409,318.1076672104409,2026-03-13,2026-04-08,0.07118412046543464,55.25822738481458
STYL,1,1877.069536423841,1877.069536423841,2026-01-23,2026-06-15,0.3915126625598905,55.17515161284834
GANGAFORGE-BE,1,415.0943396226411,415.0943396226411,2025-11-13,2025-12-18,0.09582477754962354,52.87208658426677
UNIDT-BE,1,834.5760545377086,834.5760545377086,2026-01-28,2026-04-07,0.188911704312115,52.85377011631205
SETCO-BE,1,1176.4705882352937,1176.4705882352937,2025-11-26,2026-03-02,0.26283367556468173,52.68072396363179
ORKLAINDIA,1,868.3156244556701,868.3156244556701,2026-01-27,2026-04-09,0.1971252566735113,52.562585824605556
TIIL,1,755.3989337670544,755.3989337670544,2025-12-10,2026-02-11,0.17248459958932238,52.531146951489774
SUYOG,1,1660.2228792358428,1660.2228792358428,2025-11-26,2026-04-08,0.36413415468856947,52.47304194564335
SEJALLTD-BE,1,1286.6802755805056,1286.6802755805056,2026-01-13,2026-04-29,0.29021218343600275,51.75056259406543
VALIANTORG-BE,1,2002.765158996643,2002.765158996643,2025-11-26,2026-05-06,0.4407939767282683,51.307423699354814
MANAV-SM,1,2272.7272727272716,2272.7272727272716,2024-12-20,2025-06-20,0.49828884325804246,50.831838859960634
ABSMARINE-ST,1,878.1711736827433,878.1711736827433,2026-01-21,2026-04-06,0.2053388090349076,50.67013466200008
DUGLOBAL-ST,1,1608.1081081081088,1608.1081081081088,2025-10-10,2026-02-23,0.3723477070499658,49.2544657487801
SPORTKING,1,807.3394495412832,807.3394495412832,2025-11-24,2026-02-03,0.1943874058863792,49.09456642760628
RBA,1,502.70181758637636,502.70181758637636,2026-03-13,2026-04-27,0.12320328542094455,48.89955697720063
BCLIND,1,1713.122455371124,1713.122455371124,2025-12-09,2026-05-04,0.3997262149212868,48.524910506203376
UNIONBANK,1,926.2935848120119,926.2935848120119,2026-04-30,2026-07-21,0.2245037645448323,48.37764217493916
STAR,1,207.0321535970388,207.0321535970388,2026-01-22,2026-02-10,0.05201916495550993,48.279409612883924
DIFFNKG,1,2233.009708737864,2233.009708737864,2025-12-05,2026-06-10,0.5119780971937029,48.24185143657695
POCL,1,1028.617170302182,1028.617170302182,2026-01-29,2026-04-30,0.24914442162902123,48.13863099257254
AKIKO-ST,1,1313.7806347930903,1313.7806347930903,2026-01-12,2026-05-07,0.31485284052019163,48.00039953845572
NOIDATOLL-BE,1,1532.8467153284666,1532.8467153284666,2026-01-02,2026-05-15,0.36413415468856947,47.94237465800204
IDEA,1,615.5398587285564,615.5398587285564,2026-03-09,2026-05-04,0.15331964407939766,47.63951813075173
M&MFIN,1,1327.50526145378,1327.50526145378,2026-03-25,2026-07-21,0.32306639288158795,47.08348930623867
SHILPAMED,1,1298.055178652194,1298.055178652194,2025-12-05,2026-04-01,0.3203285420944558,46.374913752522005
BANDHANBNK,1,869.1569981892549,869.1569981892549,2025-11-21,2026-02-09,0.2190280629705681,46.30417921887642
PRIVISCL,1,1172.086720867208,1172.086720867208,2025-12-31,2026-04-17,0.2929500342231348,45.985224125928404
HARRMALAYA,1,963.6895542935802,963.6895542935802,2025-11-27,2026-02-24,0.243668720054757,45.87461563882389
NTPC,1,397.2793321997225,397.2793321997225,2025-11-24,2026-01-01,0.10403832991101986,45.42182769482992
JAINAM-SM,1,1406.5978546852864,1406.5978546852864,2025-12-29,2026-05-07,0.3531827515400411,45.15486700427394
SAREGAMA,1,2085.962145110411,2085.962145110411,2025-11-26,2026-06-01,0.5119780971937029,44.781276626147836
THYROCARE,1,1011.9047619047619,1011.9047619047619,2026-01-30,2026-05-06,0.26283367556468173,44.3023911501933
PITTIENG,1,812.3615292847811,812.3615292847811,2025-11-24,2026-02-10,0.2135523613963039,44.15826240824212
MAANALU,1,542.21251819505,542.21251819505,2026-03-02,2026-04-24,0.14510609171800137,43.891283787633625
CYBERTECH-BE,1,1046.8509984639036,1046.8509984639036,2026-01-28,2026-05-08,0.2737850787132101,43.856207729455356
TAPIFRUIT-SM,1,2019.2887281494875,2019.2887281494875,2025-03-17,2025-09-18,0.5065023956194388,43.78268671839629
FWSTC-SM,1,1175.1152073732721,1175.1152073732721,2026-03-17,2026-07-08,0.30937713894592744,43.20725217366164
SHIGAN-SM,1,860.8205953338698,860.8205953338698,2025-11-06,2026-01-29,0.2299794661190965,43.19849147981001
TARSONS,1,2216.5605095541405,2216.5605095541405,2025-11-25,2026-06-17,0.5585215605749486,43.112306472559794
DMART,1,1149.3682781664409,1149.3682781664409,2025-12-11,2026-04-01,0.30390143737166325,43.047047840591944
OLECTRA,1,2158.509277031349,2158.509277031349,2025-12-01,2026-06-19,0.5475701574264202,42.89357557433855
MEGATHERM-SM,1,1586.1321776814743,1586.1321776814743,2025-11-17,2026-04-17,0.4134154688569473,42.77729009940643
USK,1,1001.4892032762477,1001.4892032762477,2025-11-17,2026-02-23,0.2683093771389459,42.72213910605027
HATSUN,1,971.3729097894908,971.3729097894908,2026-01-16,2026-04-22,0.26283367556468173,42.29198397177043
KMEW,1,419.55043792490966,419.55043792490966,2026-02-25,2026-04-09,0.11772758384668036,41.77921513110918
HIMATSEIDE,1,552.9016277423921,552.9016277423921,2025-12-08,2026-02-03,0.15605749486652978,41.17721465835318
SPRL-SM,1,2391.7910447761205,2391.7910447761205,2025-02-21,2025-10-10,0.6324435318275154,40.36560661795252
SATTVAENGG-SM,1,2325.5813953488373,2325.5813953488373,2025-12-02,2026-07-17,0.621492128678987,39.99480804198146
DMCC,1,1315.9634454598495,1315.9634454598495,2025-12-01,2026-04-15,0.36960985626283366,39.72220576702525
SJLOGISTIC-SM,1,1251.4128855159051,1251.4128855159051,2026-01-20,2026-05-29,0.3531827515400411,39.632796883689615
YATHARTH,1,1216.302724233587,1216.302724233587,2025-12-09,2026-04-15,0.34770704996577684,39.11277570279115
J&KBANK,1,255.2773686794314,255.2773686794314,2025-12-09,2026-01-06,0.07665982203969883,38.93288894472278
SPMLINFRA,1,1361.7474693660097,1361.7474693660097,2025-12-03,2026-04-24,0.3887748117727584,38.87210933510734
GRETEX-SM,1,1507.537688442211,1507.537688442211,2025-09-12,2026-02-17,0.432580424366872,38.34821754587816
TEJASNET,1,1823.6577006958148,1823.6577006958148,2025-11-26,2026-06-03,0.5174537987679672,38.22793933156399
ATLANTAA,1,478.1755762628729,478.1755762628729,2026-02-23,2026-04-17,0.14510609171800137,37.974521202209566
ASTERDM,1,794.2875481386393,794.2875481386393,2025-12-09,2026-03-06,0.23819301848049282,37.83436115042278
MINDSPACE-RR,1,353.5978801503002,353.5978801503002,2026-03-06,2026-04-15,0.10951403148528405,37.34168594814735
PANACHE-BE,1,1818.0551685706325,1818.0551685706325,2025-12-05,2026-06-18,0.5338809034907598,36.73643816683463
BODALCHEM-BE,1,1281.6011235955064,1281.6011235955064,2025-11-17,2026-04-07,0.3860369609856263,36.66663568294073
KANSAINER,1,231.90977062476279,231.90977062476279,2025-11-27,2025-12-24,0.07392197125256673,36.36158728582466
MUNJALAU,1,1524.735417179424,1524.735417179424,2025-11-24,2026-05-11,0.459958932238193,36.14206022212223
AMBER,1,906.3177874186551,906.3177874186551,2025-11-14,2026-02-25,0.28199863107460643,36.022609553144
DELAPLEX-SM,1,737.527114967462,737.527114967462,2026-02-03,2026-04-29,0.2327173169062286,35.768019027349965
THERMAX,1,745.9938629389709,745.9938629389709,2025-11-26,2026-02-20,0.23545516769336072,35.739788062935695
PPL-BE,1,1963.6007827788658,1963.6007827788658,2025-11-26,2026-06-29,0.5886379192334018,35.60469121813581
VBL,1,606.7563135454247,606.7563135454247,2026-02-09,2026-04-21,0.1943874058863792,35.396119479789064
AKUMS,1,337.21993598536807,337.21993598536807,2025-11-13,2025-12-23,0.10951403148528405,35.37058363157301
HPTL-SM,1,1034.746086292479,1034.746086292479,2026-01-28,2026-05-27,0.3258042436687201,35.28562404644531
GANESHBE,1,844.2592819507413,844.2592819507413,2025-11-13,2026-02-20,0.27104722792607805,34.854757163403185
DEEDEV-BE,1,835.0580781414988,835.0580781414988,2025-11-17,2026-02-23,0.2683093771389459,34.83960339873961
LUPIN,1,315.61682698701105,315.61682698701105,2026-05-11,2026-06-18,0.10403832991101986,34.80740540352543
BLSE,1,976.6396139504262,976.6396139504262,2026-01-14,2026-05-08,0.31211498973305957,34.79129497525517
WELCORP,1,1019.6791175733271,1019.6791175733271,2025-12-08,2026-04-07,0.32854209445585214,34.38529125069287
HEALTHX,1,599.5415270675365,599.5415270675365,2026-02-25,2026-05-08,0.1971252566735113,34.36286418917594
SILKFLEX-ST,1,1071.4285714285713,1071.4285714285713,2025-09-04,2026-01-08,0.34496919917864477,34.319169480981124
POWERGRID,1,667.1581275340938,667.1581275340938,2025-11-14,2026-02-04,0.2245037645448323,33.33267189098794
NEULANDLAB,1,1112.4159979121812,1112.4159979121812,2025-12-23,2026-05-06,0.3668720054757016,33.30987570378199
PATILAUTOM-ST,1,887.121443866626,887.121443866626,2026-01-16,2026-05-04,0.29568788501026694,33.30239223480622
SETUINFRA-BZ,1,851.0638297872349,851.0638297872349,2026-01-01,2026-04-15,0.28473648186173856,33.223078037901345
SHAREINDIA,1,1391.9591047250626,1391.9591047250626,2026-01-22,2026-07-07,0.4544832306639288,33.20899926374621
CREST,1,407.8947368421049,407.8947368421049,2026-02-23,2026-04-15,0.13963039014373715,33.1523824445368
SHAILY,1,650.86130349849,650.86130349849,2025-12-29,2026-03-20,0.22176591375770022,32.887718165733574
KORE-SM,1,1405.082212257099,1405.082212257099,2026-01-27,2026-07-15,0.46269678302532513,32.86284210133892
GABRIEL,1,1749.2904446546838,1749.2904446546838,2025-11-26,2026-06-22,0.5694729637234771,32.721448431108335
PICCADIL,1,1167.4177365870266,1167.4177365870266,2025-12-02,2026-04-27,0.3997262149212868,31.81475168238348
WSTCSTPAPR,1,1214.2117971714374,1214.2117971714374,2025-11-13,2026-04-15,0.4188911704312115,31.46516846844594
FINEORG,1,424.7469273871834,424.7469273871834,2025-12-09,2026-02-03,0.15331964407939766,31.168373505449722
ASAL,1,1004.7550134380807,1004.7550134380807,2025-12-19,2026-04-27,0.3531827515400411,31.138584342641764
GOLDSTAR-SM,1,1176.4705882352941,1176.4705882352941,2025-10-03,2026-03-06,0.4216290212183436,30.186748580978605
TAJGVK,1,196.82059046177167,196.82059046177167,2025-11-25,2025-12-22,0.07392197125256673,30.169620048154687
SOFTTECH-BE,1,1219.504785052409,1219.504785052409,2025-11-19,2026-04-28,0.4380561259411362,30.041077676982187
FORTIS,1,1237.2211895910782,1237.2211895910782,2025-12-08,2026-05-21,0.4490075290896646,29.665438060418058
FOCUS-BE,1,1538.749065537004,1538.749065537004,2025-11-13,2026-06-03,0.5530458590006845,29.53688343787575
DIVYADHAN-ST,1,2224.7972190034766,2224.7972190034766,2025-09-18,2026-06-30,0.7802874743326489,29.362106772050044
LIKHITHA,1,1081.760431424523,1081.760431424523,2025-11-13,2026-04-08,0.3997262149212868,29.299926475349846
ELECON,1,1203.415369161225,1203.415369161225,2025-11-25,2026-05-06,0.44353182751540043,29.201322582798994
VTL,1,160.98707403055283,160.98707403055283,2026-01-07,2026-01-30,0.06297056810403832,28.868000466442247
SHRINGARMS,1,822.6404334188767,822.6404334188767,2026-03-10,2026-07-02,0.31211498973305957,28.825507355229153
ZEELEARN-BE,1,1633.1658291457286,1633.1658291457286,2025-11-13,2026-06-22,0.6050650239561944,28.404407629727157
ANDHRSUGAR,1,876.3862591290241,876.3862591290241,2025-12-08,2026-04-10,0.33675564681724846,28.333941100509108
BALRAMCHIN,1,429.92741485203794,429.92741485203794,2025-12-10,2026-02-10,0.1697467488021903,28.143745847604883
TRENT,1,1378.0711404473786,1378.0711404473786,2025-12-08,2026-06-17,0.5229295003422314,28.003037340653236
EVEREADY,1,1533.2492908918996,1533.2492908918996,2025-11-24,2026-06-24,0.5804243668720055,27.86013120328199
ZEEL,1,1260.6491965922567,1260.6491965922567,2025-12-09,2026-06-04,0.48459958932238195,27.762733430142926
ACMESOLAR,1,991.2767644726408,991.2767644726408,2025-11-17,2026-04-07,0.3860369609856263,27.741543516161514
SCHNEIDER,1,656.0461615654787,656.0461615654787,2025-11-14,2026-02-17,0.2600958247775496,27.673191904492622
SUZLON,1,1003.0923850019323,1003.0923850019323,2025-12-05,2026-04-27,0.3915126625598905,27.654704418019783
DANISH-SM,1,1087.472006323277,1087.472006323277,2025-11-17,2026-04-21,0.4243668720054757,27.539791464514906
KAKATCEM-BE,1,1028.0234891845694,1028.0234891845694,2025-11-25,2026-04-21,0.4024640657084189,27.524529952475095
GROWWRLTY,1,1069.3970420932894,1069.3970420932894,2026-01-30,2026-07-02,0.4188911704312115,27.448624363204388
RVTH,1,743.0769230769224,743.0769230769224,2026-01-23,2026-05-11,0.29568788501026694,27.431115446259536
KECL-BE,1,890.21051637874,890.21051637874,2025-12-02,2026-04-13,0.3613963039014374,26.613803903734066
IOLCP,1,852.6854829105629,852.6854829105629,2025-12-11,2026-04-17,0.34770704996577684,26.533195717506587
ARIES,1,942.4387414818036,942.4387414818036,2025-11-24,2026-04-13,0.38329911019849416,26.487018491715663
DONEAR,1,266.6093313265969,266.6093313265969,2025-12-24,2026-02-03,0.11225188227241616,26.41487277007024
STLTECH-BE,1,437.4251772723087,437.4251772723087,2025-11-26,2026-02-01,0.1834360027378508,26.287872216828955
SAKSOFT,1,1138.5925207457697,1138.5925207457697,2026-01-12,2026-06-30,0.46269678302532513,26.244269989435807
STEELXIND,1,1028.2485875706218,1028.2485875706218,2025-11-17,2026-04-20,0.4216290212183436,26.129025642257055
ZENITHEXPO,1,741.0734336402425,741.0734336402425,2025-12-23,2026-04-15,0.30937713894592744,25.9956241033626
RAYMOND,1,1319.4656877740374,1319.4656877740374,2025-11-26,2026-06-11,0.5393566050650239,25.833578688277782
DIAMINESQ,1,541.209339453203,541.209339453203,2026-01-19,2026-04-13,0.2299794661190965,25.75710471269066
MONOLITH-SM,1,626.1980830670922,626.1980830670922,2026-01-21,2026-04-28,0.2655715263518138,25.69704218665414
GOCLCORP,1,911.0204081632646,911.0204081632646,2025-12-01,2026-04-21,0.3860369609856263,25.33934368401569
COFFEEDAY-BE,1,1225.5576976039647,1225.5576976039647,2025-11-27,2026-06-02,0.5119780971937029,25.333322154775708
PARACABLES,1,1105.1080550098231,1105.1080550098231,2025-11-17,2026-05-06,0.4654346338124572,25.25845493984469
IVP-BE,1,966.7796610169485,966.7796610169485,2025-12-12,2026-05-11,0.4106776180698152,25.196633841156068
AEGISVOPAK,1,1348.6015403323893,1348.6015403323893,2025-12-11,2026-07-06,0.5667351129363449,25.01017829122365
NITCO,1,1080.3746460466132,1080.3746460466132,2025-11-19,2026-05-07,0.46269678302532513,24.822525248607175
KIMS,1,612.380741069449,612.380741069449,2025-11-17,2026-02-23,0.2683093771389459,24.79737319348878
MAZDA-BE,1,1427.4395329441184,1427.4395329441184,2025-11-26,2026-07-06,0.6078028747433265,24.54940435952253
IRFC,1,193.97094634310204,193.97094634310204,2025-11-21,2025-12-23,0.08761122518822724,24.517958527236082
BORORENEW,1,1262.1181635266141,1262.1181635266141,2025-12-09,2026-06-25,0.5420944558521561,24.51549648517808
BALPHARMA,1,1094.0105168654613,1094.0105168654613,2025-11-19,2026-05-11,0.4736481861738535,24.507131505611568
MOSCHIP,1,1483.213706876592,1483.213706876592,2025-11-26,2026-07-15,0.6324435318275154,24.442993825360126
PNBHOUSING,1,540.5405405405405,540.5405405405405,2026-01-22,2026-04-20,0.24093086926762491,24.42107649619252
KONSTELEC-ST,1,1472.9370008873123,1472.9370008873123,2025-11-26,2026-07-15,0.6324435318275154,24.26694780527332
THEMISMED,1,1314.8562896603214,1314.8562896603214,2025-11-26,2026-06-23,0.5722108145106092,24.095912573929603
IVALUE,1,1047.8680611423968,1047.8680611423968,2026-01-13,2026-07-01,0.46269678302532513,24.03244154228701
KPRMILL,1,1085.2475752935165,1085.2475752935165,2025-12-10,2026-06-03,0.4791238877481177,23.990963761753072
PRIMECAB-ST,1,713.0919220055716,713.0919220055716,2025-12-19,2026-04-15,0.3203285420944558,23.99037315066508
JASH,1,1193.2829181494656,1193.2829181494656,2025-12-04,2026-06-15,0.5284052019164955,23.780262290338563
LUXIND,1,882.2551139198416,882.2551139198416,2025-11-14,2026-04-08,0.39698836413415467,23.735309864485778
IGPL,1,864.8302370275463,864.8302370275463,2025-11-17,2026-04-10,0.3942505133470226,23.415781799289313
CIPLA,1,833.8373147868156,833.8373147868156,2026-02-03,2026-06-23,0.38329911019849416,23.23797732022035
DHAMPURSUG,1,814.7074528949581,814.7074528949581,2025-11-13,2026-03-30,0.3750855578370979,23.221184370018143
CROMPTON,1,969.6283720052816,969.6283720052816,2025-11-25,2026-05-07,0.4462696783025325,23.044425859207962
EUROPRATIK,1,1014.2060780435169,1014.2060780435169,2026-01-13,2026-07-03,0.4681724845995893,22.916605683975135
TI,1,779.753761969904,779.753761969904,2025-12-08,2026-04-20,0.36413415468856947,22.8999544247384
PSPPROJECT,1,829.0654937639327,829.0654937639327,2026-01-12,2026-06-04,0.3915126625598905,22.56095512643388
NAVKARCORP,1,1359.0998043052837,1359.0998043052837,2025-11-26,2026-07-15,0.6324435318275154,22.322986004957613
SKFINDUS,1,595.1881968312515,595.1881968312515,2026-03-04,2026-06-17,0.2874743326488706,22.27630889416785
WINSOME-BZ,1,718.2320441988944,718.2320441988944,2025-12-30,2026-05-05,0.34496919917864477,22.270387556600625
TINNARUBR,1,1030.6336018265997,1030.6336018265997,2025-12-08,2026-06-05,0.49007529089664614,22.159249475508112
ONEPOINT,1,419.18502632092,419.18502632092,2026-01-30,2026-04-15,0.2053388090349076,22.13787633506108
RITCO,1,678.5854616895867,678.5854616895867,2026-01-12,2026-05-13,0.33127994524298426,21.919001461198604
MOREPENLAB,1,499.32218707636713,499.32218707636713,2025-11-26,2026-02-24,0.2464065708418891,21.86513068510272
COSMOFIRST,1,985.5769230769231,985.5769230769231,2025-11-28,2026-05-21,0.47638603696098564,21.812774100146882
ASTRAMICRO,1,819.4905869324484,819.4905869324484,2025-11-20,2026-04-16,0.4024640657084189,21.616768590100534
TECHNOE,1,1083.3064255731358,1083.3064255731358,2025-11-13,2026-05-25,0.5284052019164955,21.488773709427566
GREENPOWER,1,752.3245984784451,752.3245984784451,2025-12-12,2026-04-28,0.3750855578370979,21.3352946565182
CARTRADE,1,928.3099090586992,928.3099090586992,2026-01-21,2026-07-08,0.459958932238193,21.288146103538264
SURAKSHA,1,880.4251550044295,880.4251550044295,2025-12-02,2026-05-11,0.4380561259411362,21.24271154478816
JSWENERGY,1,538.8369255795027,538.8369255795027,2025-12-01,2026-03-12,0.27652292950034224,20.89992173212769
COCHINSHIP,1,883.4112990284273,883.4112990284273,2025-11-24,2026-05-07,0.4490075290896646,20.74820421402879
PATELRMART,1,1118.3250999764753,1118.3250999764753,2025-12-09,2026-07-03,0.5639972621492129,20.678660935525194
QUESS,1,1083.3685992382575,1083.3685992382575,2025-11-17,2026-06-05,0.5475701574264202,20.66514312689072
BEPL,1,807.2860530286694,807.2860530286694,2025-11-20,2026-04-20,0.4134154688569473,20.658056605613282
AGARWALTUF-SM,1,1123.0158730158735,1123.0158730158735,2025-12-10,2026-07-06,0.5694729637234771,20.550011044458792
NURECA,1,321.6320529314464,321.6320529314464,2026-03-04,2026-05-05,0.1697467488021903,20.501774015148875
BALMLAWRIE,1,856.7951767243768,856.7951767243768,2025-11-25,2026-05-06,0.44353182751540043,20.363272102344474
ANANTRAJ,1,1181.7603778726489,1181.7603778726489,2025-12-12,2026-07-22,0.6078028747433265,20.174509705769573
SANWARIA-BZ,1,625.0000000000006,625.0000000000006,2025-10-13,2026-02-11,0.33127994524298426,20.081582840150737
IGIL,1,763.3353770692837,763.3353770692837,2025-11-19,2026-04-15,0.4024640657084189,20.054432496742926
DIACABS,1,646.9447835140369,646.9447835140369,2025-12-11,2026-04-16,0.34496919917864477,19.927862823615584
GREAVESCOT,1,1033.5340531561476,1033.5340531561476,2025-12-03,2026-06-22,0.5503080082135524,19.56925222960284
WABAG,1,595.5871007560564,595.5871007560564,2025-12-17,2026-04-15,0.3258042436687201,19.430964300381916
AVL,1,694.6497191841572,694.6497191841572,2025-12-09,2026-04-28,0.38329911019849416,19.149845645586062
63MOONS,1,477.8697373155818,477.8697373155818,2026-01-13,2026-04-21,0.2683093771389459,19.003101299630764
AVG-BE,1,1167.3306772908365,1167.3306772908365,2025-11-13,2026-07-03,0.6351813826146475,18.98419204180186
ELGIRUBCO,1,1136.6538952745843,1136.6538952745843,2025-11-21,2026-07-06,0.621492128678987,18.913124587983464
DTIL,1,452.5416724066671,452.5416724066671,2026-01-30,2026-05-05,0.2600958247775496,18.550441755645153
APOLLOHOSP,1,488.5115558250792,488.5115558250792,2025-11-14,2026-02-25,0.28199863107460643,18.4278280559393
INGERRAND,1,362.36559139785,362.36559139785,2025-12-01,2026-02-16,0.2108145106091718,18.393931395532913
LLOYDS-ST,1,1017.5438596491232,1017.5438596491232,2025-09-24,2026-04-22,0.5749486652977412,18.35795987762363
DYCL,1,832.6574749932417,832.6574749932417,2025-11-13,2026-05-06,0.47638603696098564,18.280616469972877
VERANDA,1,775.6528492379375,775.6528492379375,2025-11-24,2026-05-06,0.4462696783025325,18.222331641374566
PGHL,1,926.0230849947534,926.0230849947534,2025-11-14,2026-05-27,0.5311430527036276,18.144593077987835
SCHAEFFLER,1,342.51192698610225,342.51192698610225,2025-11-27,2026-02-09,0.2026009582477755,18.08407146765687
URJA,1,675.6756756756763,675.6756756756763,2025-12-04,2026-04-28,0.39698836413415467,17.9035717697553
SWARAJENG,1,676.2851863927837,676.2851863927837,2025-11-19,2026-04-15,0.4024640657084189,17.65636127766377
MAHESHWARI-BE,1,893.5685828116108,893.5685828116108,2025-11-20,2026-06-01,0.5284052019164955,17.582873397317456
BUTTERFLY,1,406.83299617891623,406.83299617891623,2025-12-09,2026-03-11,0.2518822724161533,17.153877161641653
DEEPAKFERT,1,804.9263250494845,804.9263250494845,2025-11-24,2026-05-22,0.49007529089664614,17.11307845751864
JINDWORLD,1,1103.2448377581127,1103.2448377581127,2025-11-18,2026-07-21,0.6707734428473648,16.884649168351483
WELENT,1,593.3117583603021,593.3117583603021,2025-12-15,2026-04-29,0.36960985626283366,16.87585477903275
EXIDEIND,1,794.194166780775,794.194166780775,2025-11-26,2026-05-27,0.49828884325804246,16.575800594270195
KANORICHEM-BE,1,672.4228152799583,672.4228152799583,2025-11-18,2026-04-22,0.4243668720054757,16.57366354145764
KAJARIACER,1,671.134941912421,671.134941912421,2025-11-17,2026-04-21,0.4243668720054757,16.540517355217844
IVC,1,325.52083333333337,325.52083333333337,2026-02-03,2026-04-22,0.2135523613963039,16.18376935291832
INDNIPPON,1,773.009004794761,773.009004794761,2025-11-26,2026-05-29,0.5037645448323066,15.928641811987765
KSL,1,621.3693623131652,621.3693623131652,2025-11-24,2026-04-22,0.4079397672826831,15.92507770932663
NIITLTD,1,859.7842835130975,859.7842835130975,2025-11-24,2026-06-16,0.5585215605749486,15.913961592713854
HUHTAMAKI,1,920.8241423006526,920.8241423006526,2025-12-09,2026-07-16,0.5995893223819302,15.825102564257287
DWARKESH,1,439.4240317775561,439.4240317775561,2025-12-10,2026-03-27,0.2929500342231348,15.811936443706154
IRMENERGY,1,413.4423251589463,413.4423251589463,2026-01-12,2026-04-23,0.27652292950034224,15.778246998026146
MANKIND,1,722.0678399717713,722.0678399717713,2025-11-14,2026-05-08,0.4791238877481177,15.663321800777252
DELHIVERY,1,594.4015666397883,594.4015666397883,2025-11-13,2026-04-08,0.3997262149212868,15.540439379519523
TIINDIA,1,610.1123981713814,610.1123981713814,2025-11-24,2026-04-23,0.4106776180698152,15.512281713248456
ACCORD-ST,1,1992.7536231884058,1992.7536231884058,2025-01-02,2026-04-09,1.264887063655031,15.449501414495526
NESCO,1,601.4913007456496,601.4913007456496,2025-12-08,2026-05-06,0.4079397672826831,15.393967292640177
NOCIL,1,629.8754220514608,629.8754220514608,2025-11-18,2026-04-23,0.4271047227926078,15.374980337458055
MANALIPETC,1,744.8912326961113,744.8912326961113,2025-12-09,2026-06-12,0.5065023956194388,15.239910998294913
PLASTIBLEN,1,640.7241946861042,640.7241946861042,2025-11-18,2026-04-28,0.4407939767282683,15.129796854845923
KIRLOSIND,1,802.0647210641247,802.0647210641247,2025-11-26,2026-06-18,0.5585215605749486,14.813223329462598
MOTILALOFS,1,811.2077731329788,811.2077731329788,2025-12-05,2026-07-02,0.5722108145106092,14.60375179815896
POLICYBZR,1,496.0744402442568,496.0744402442568,2026-01-07,2026-05-19,0.3613963039014374,14.335841902647894
JSWCEMENT,1,717.6699029126221,717.6699029126221,2025-11-13,2026-05-22,0.5201916495550992,14.252053370914396
SVLL-BE,1,684.285714285714,684.285714285714,2025-12-04,2026-06-05,0.5010266940451745,14.122999316907148
CGPOWER,1,532.2444381864257,532.2444381864257,2025-11-21,2026-04-15,0.39698836413415467,13.953966281290775
PVP,1,315.6917363045484,315.6917363045484,2026-01-12,2026-04-09,0.23819301848049282,13.938322387191192
DATAMATICS,1,258.0174040041386,258.0174040041386,2025-12-09,2026-02-19,0.1971252566735113,13.795179804509194
STYRENIX,1,914.8756285320158,914.8756285320158,2025-11-14,2026-07-21,0.6817248459958932,13.702111128689399
AADHARHFC,1,599.1396968455563,599.1396968455563,2025-11-19,2026-05-05,0.45722108145106094,13.571670919314883
RENUKA,1,524.5901639344268,524.5901639344268,2025-11-24,2026-04-23,0.4106776180698152,13.258197377809356
SETL,1,767.3459630669918,767.3459630669918,2025-11-13,2026-06-18,0.5941136208076659,13.251681282632056
EXCELLENT-ST,1,381.3559322033892,381.3559322033892,2025-09-30,2026-01-19,0.30390143737166325,13.105757786319415
AEGISLOG,1,607.6174818468286,607.6174818468286,2025-12-08,2026-06-01,0.4791238877481177,13.101434547583235
SPECIALITY,1,698.747528015821,698.747528015821,2025-12-03,2026-06-23,0.5530458590006845,12.989709227083267
HDBFS,1,509.9545930841774,509.9545930841774,2026-01-29,2026-06-29,0.4134154688569473,12.784576541689386
PRESTIGE,1,626.9113149847101,626.9113149847101,2025-12-30,2026-07-03,0.5065023956194388,12.755073790888405
SFL,1,690.0070649187523,690.0070649187523,2025-11-17,2026-06-09,0.5585215605749486,12.689484057023815
KPEL,1,542.5956953215624,542.5956953215624,2025-11-25,2026-05-07,0.4462696783025325,12.569520912421627
VINCOFE,1,459.6036083492454,459.6036083492454,2026-01-22,2026-06-11,0.38329911019849416,12.438186225297155
PFC,1,234.74178403755866,234.74178403755866,2025-11-20,2026-02-01,0.1998631074606434,12.310137960314705
BASML-BE,1,436.933223413025,436.933223413025,2026-01-12,2026-05-29,0.3750855578370979,12.076987418684947
ELECTHERM,1,618.161308516638,618.161308516638,2025-11-20,2026-06-01,0.5284052019164955,12.020626779365129
LLOYDSENGG,1,484.558040468583,484.558040468583,2025-11-20,2026-04-22,0.4188911704312115,11.958841079317018
SESHAPAPER,1,237.65621798811648,237.65621798811648,2025-11-24,2026-02-09,0.2108145106091718,11.78572200637731
IITL,1,481.529967556492,481.529967556492,2025-11-18,2026-04-23,0.4271047227926078,11.640364763323753
PAGEIND,1,519.9306759098787,519.9306759098787,2025-12-04,2026-05-22,0.46269678302532513,11.577125720275184
DLINKINDIA,1,443.9337123503076,443.9337123503076,2025-11-26,2026-04-20,0.39698836413415467,11.562447719260916
TATACAP,1,317.9674425680829,317.9674425680829,2026-03-02,2026-06-16,0.29021218343600275,11.388951862361306
OAL,1,584.8409232688708,584.8409232688708,2025-11-25,2026-06-10,0.5393566050650239,11.113355153386163
PRITIKAUTO-BE,1,491.10320284697474,491.10320284697474,2025-12-03,2026-05-22,0.4654346338124572,10.84978959278291
GPTHEALTH,1,574.8009498533307,574.8009498533307,2025-11-13,2026-06-02,0.5503080082135524,10.689538026630307
CHEVIOT,1,431.0502283105027,431.0502283105027,2025-11-26,2026-04-29,0.4216290212183436,10.527304933358138
BERGEPAINT,1,478.54628484445044,478.54628484445044,2025-12-30,2026-06-19,0.4681724845995893,10.500005770936882
VMART,1,566.4036378226549,566.4036378226549,2025-12-11,2026-07-02,0.5557837097878165,10.420897811498309
VADILALIND,1,169.1295643054625,169.1295643054625,2025-12-09,2026-02-11,0.17522245037645448,10.044607064281053
NTPCGREEN,1,278.9473684210532,278.9473684210532,2025-11-27,2026-03-12,0.2874743326488706,10.043452085288052
SHRIRAMPPS,1,411.1482206610627,411.1482206610627,2025-11-24,2026-05-04,0.4407939767282683,9.571593511620335
DPABHUSHAN,1,452.16060628142503,452.16060628142503,2026-01-23,2026-07-20,0.487337440109514,9.499016209924726
BLUSPRING,1,488.3875248838762,488.3875248838762,2025-11-18,2026-05-29,0.5256673511293635,9.495208302542824
SERVICE-SM,1,945.945945945946,945.945945945946,2025-07-16,2026-07-17,1.002053388090349,9.439187995575926
TTL,1,196.9365426695839,196.9365426695839,2025-11-14,2026-02-03,0.22176591375770022,9.192333724226941
PACEDIGITK,1,445.53702671194793,445.53702671194793,2025-12-18,2026-06-23,0.5119780971937029,8.886928553397633
VARROC,1,422.3265003704615,422.3265003704615,2026-01-01,2026-06-30,0.4928131416837782,8.75602304112233
UBL,1,216.15339918651972,216.15339918651972,2025-12-02,2026-03-06,0.25735797399041754,8.664452975273695
TASTYBITE,1,533.7786371359934,533.7786371359934,2025-11-13,2026-07-01,0.6297056810403833,8.608714112134974
TTKPRESTIG,1,448.03881924787777,448.03881924787777,2025-12-19,2026-07-02,0.5338809034907598,8.555942557021169
INDORAMA,1,269.0802348336581,269.0802348336581,2026-01-22,2026-05-27,0.34223134839151265,8.067518894887993
ARROWGREEN-BE,1,244.3717529343839,244.3717529343839,2025-12-09,2026-04-07,0.3258042436687201,7.691868959923709
RCDL-SM,1,157.48031496063078,157.48031496063078,2025-11-12,2026-01-30,0.216290212183436,7.491584167109977
AHIMSA-ST,1,2451.612903225806,2451.612903225806,2021-07-14,2024-08-05,3.060917180013689,7.426185728370127
IKIO,1,443.7376949871267,443.7376949871267,2025-11-14,2026-07-09,0.648870636550308,6.920173053960554
NIPPOBATRY,1,307.30599067320395,307.30599067320395,2025-11-21,2026-05-06,0.4544832306639288,6.886616892932529
KPIL,1,263.477908390758,263.477908390758,2025-11-19,2026-04-22,0.4216290212183436,6.362341634619106
VRAJ,1,418.2263173049239,418.2263173049239,2025-11-14,2026-07-15,0.6652977412731006,6.3519850302858005
SWSOLAR,1,221.508678858952,221.508678858952,2025-12-11,2026-04-23,0.36413415468856947,6.201459223358885
GTLINFRA,1,289.8550724637684,289.8550724637684,2025-11-19,2026-05-13,0.4791238877481177,6.145086222172602
GOPAL,1,246.15384615384616,246.15384615384616,2025-12-08,2026-05-08,0.4134154688569473,6.058485653516432
AUSL-SM,1,30.864197530864637,30.864197530864637,2025-10-21,2025-11-10,0.05475701574264202,5.789272604089013
EIEL,1,356.7187156366841,356.7187156366841,2025-11-17,2026-07-03,0.6242299794661191,5.775608794532716
RIIL,1,302.8346733963255,302.8346733963255,2025-11-24,2026-06-17,0.5612594113620808,5.459352913207716
TEXINFRA,1,107.9136690647479,107.9136690647479,2026-01-20,2026-04-08,0.2135523613963039,5.15465007593352
GAIL,1,271.71048779059475,271.71048779059475,2025-11-28,2026-06-15,0.5448323066392882,5.043565893571023
JLHL,1,305.0707709220823,305.0707709220823,2025-11-19,2026-07-15,0.6516084873374401,4.71981477755854
RANEHOLDIN,1,225.0206440957889,225.0206440957889,2025-11-19,2026-05-19,0.49555099247091033,4.592830328761854
JSWDULUX,1,236.8705150187334,236.8705150187334,2025-12-19,2026-07-01,0.5311430527036276,4.506217981771132
GUJALKALI,1,137.48940578208783,137.48940578208783,2025-11-25,2026-03-20,0.31485284052019163,4.432460046980635
CAPACITE,1,210.16431027894535,210.16431027894535,2025-12-10,2026-06-23,0.5338809034907598,3.9726229742848895
SUBEXLTD-BE,1,113.53711790393082,113.53711790393082,2025-12-08,2026-05-08,0.4134154688569473,2.7684759358304944
GREENPLY,1,145.79374676109958,145.79374676109958,2025-11-25,2026-06-17,0.5585215605749486,2.6253770481193373
ASKAUTOLTD,1,109.08305432552136,109.08305432552136,2026-01-12,2026-06-22,0.4407939767282683,2.491834657222336
SCHAND,1,118.53188929001197,118.53188929001197,2025-11-14,2026-05-25,0.5256673511293635,2.2669380759434032
TCPLPACK,1,89.39268270205483,89.39268270205483,2025-11-18,2026-07-15,0.6543463381245722,1.369358128689968
KENNAMET,1,250.2848461830615,250.2848461830615,2023-10-04,2026-04-29,2.568104038329911,0.9672413140093816
WEBELSOLAR,1,33.70786516853937,33.70786516853937,2025-11-19,2026-04-29,0.4407939767282683,0.7663434857022811
SRIVASAVI-ST,1,8.764241893076996,8.764241893076996,2025-10-30,2026-04-15,0.45722108145106094,0.19178471355247861
NEOCHEM-ST,1,0.0,0.0,2026-03-06,2026-05-05,0.16427104722792607,0.0
RPSGVENT,1,-4.9318784291964395,-4.9318784291964395,2025-11-19,2026-03-27,0.35044490075290896,-0.14066760687652113
VILAS-SM,1,-2.59875259875319,-2.59875259875319,2026-01-13,2026-02-17,0.09582477754962354,-0.27086613508283675
SANOFICONR,1,-28.83607130374154,-28.83607130374154,2025-12-16,2026-02-26,0.1971252566735113,-1.4542649594579626
HFCL,1,-37.68318213538175,-37.68318213538175,2025-11-21,2026-02-19,0.2464065708418891,-1.5205194329477867
PLADAINFO-SM,1,-85.65310492505475,-85.65310492505475,2025-02-18,2025-08-01,0.4490075290896646,-1.8975908223730742
HTMEDIA,1,-120.48192771084288,-120.48192771084288,2025-11-18,2026-07-06,0.6297056810403833,-1.906516382552459
LGEINDIA,1,-85.94507269789953,-85.94507269789953,2025-12-29,2026-04-15,0.2929500342231348,-2.9034742362725408
CELLPOINT-SM,1,-187.6675603217147,-187.6675603217147,2025-11-13,2026-05-26,0.5311430527036276,-3.503989390333495
SURANASOL,1,-219.70477171301084,-219.70477171301084,2025-11-26,2026-04-29,0.4216290212183436,-5.132547013541588
RULKA-SM,1,-268.77133105802096,-268.77133105802096,2025-11-14,2026-04-17,0.4216290212183436,-6.257474041029609
SKIPPER,1,-291.82490505696626,-291.82490505696626,2025-11-14,2026-04-29,0.4544832306639288,-6.3087901546693415
ZODIAC-BE,1,-469.17666528754626,-469.17666528754626,2025-11-18,2026-04-24,0.42984257357973993,-10.577189242342355
PRAKASH,1,-670.6343446073456,-670.6343446073456,2025-11-26,2026-07-07,0.6105407255304586,-10.747372681597033
PROV-SM,1,-157.67634854771785,-157.67634854771785,2026-02-12,2026-03-30,0.12594113620807665,-11.855792399025034
GPECO-ST,1,-636.1007847996698,-636.1007847996698,2025-11-28,2026-05-29,0.49828884325804246,-12.356962164028163
CONSOFINVT,1,-264.196260078916,-264.196260078916,2025-11-14,2026-01-27,0.2026009582477755,-12.37955454159544
CONSOFINVT-BE,1,-264.196260078916,-264.196260078916,2025-11-14,2026-01-27,0.2026009582477755,-12.37955454159544
GARFIBRES,1,-434.34880936543954,-434.34880936543954,2025-11-13,2026-02-12,0.24914442162902123,-16.325475833119295
GOODYEAR,1,-3842.7981314905614,-3842.7981314905614,2023-10-23,2026-04-20,2.4914442162902124,-17.687830510827872
ACEINTEG,1,-804.8021342819026,-804.8021342819026,2025-11-24,2026-04-22,0.4079397672826831,-18.59037912929419
INTLCONV,1,-1780.4551539491292,-1780.4551539491292,2025-11-14,2026-07-23,0.6872005475701575,-24.82243790504469
GODIGIT,1,-1739.6346767178893,-1739.6346767178893,2025-12-03,2026-07-16,0.6160164271047228,-26.673302815157207
UNITEDPOLY-BE,1,-2103.239978034047,-2103.239978034047,2025-11-24,2026-07-16,0.6406570841889117,-30.828321576529284
DATAPATTNS,1,-582.0246988870248,-582.0246988870248,2025-12-09,2026-02-01,0.14784394250513347,-33.34208232946996
QFIL-SM,1,-1407.8947368421057,-1407.8947368421057,2025-03-07,2025-07-18,0.36413415468856947,-34.07932956341963
KARNIKA-SM,1,-2364.417989417989,-2364.417989417989,2025-11-14,2026-07-02,0.6297056810403833,-34.84492723086219
BALAJIPHOS-SM,1,-1561.0687022900765,-1561.0687022900765,2025-10-29,2026-03-20,0.3887748117727584,-35.37540595658422
SANOFI,1,-1253.4560123283331,-1253.4560123283331,2025-11-26,2026-03-02,0.26283367556468173,-39.92330953052819
RUSTOMJEE,1,-809.8883866801953,-809.8883866801953,2025-11-17,2026-01-12,0.15331964407939766,-42.35437185952329
VINATIORGA,1,-1298.8163807835942,-1298.8163807835942,2025-12-03,2026-03-04,0.24914442162902123,-42.78849579870165
HEIDELBERG,1,-1548.2675964262373,-1548.2675964262373,2025-11-18,2026-03-04,0.29021218343600275,-43.989050822037456
SWIGGY,1,-816.5861104044777,-816.5861104044777,2025-11-14,2026-01-06,0.14510609171800137,-44.404094707809016
JKLAKSHMI,1,-1349.6891945509863,-1349.6891945509863,2025-12-08,2026-03-04,0.23545516769336072,-45.97835270827031
RNPL-SM,1,-1379.4326241134754,-1379.4326241134754,2026-02-27,2026-05-20,0.2245037645448323,-48.37508103311245
HERITGFOOD,1,-971.8780303846573,-971.8780303846573,2025-11-25,2026-01-20,0.15331964407939766,-48.667538949062426
SUDARCOLOR,1,-840.7891718284005,-840.7891718284005,2025-12-03,2026-01-20,0.13141683778234087,-48.74176553486156
TICL,1,-3134.808853118713,-3134.808853118713,2025-12-10,2026-06-25,0.5393566050650239,-50.20978141300265
TICL-BE,1,-3134.808853118713,-3134.808853118713,2025-12-10,2026-06-25,0.5393566050650239,-50.20978141300265
SHUBHSHREE-SM,1,-904.5848822800496,-904.5848822800496,2025-10-23,2025-12-08,0.12594113620807665,-52.89772340305983
BRIGADE,1,-1139.8129694925635,-1139.8129694925635,2025-11-24,2026-01-21,0.15879534565366188,-53.331254402562564
JKIL,1,-2166.842832750631,-2166.842832750631,2025-11-14,2026-03-04,0.30116358658453113,-55.555082966289916
TECHERA-SM,1,-3268.730796502009,-3268.730796502009,2025-12-09,2026-06-05,0.487337440109514,-55.612492810540815
KAMOPAINTS,1,-4195.624195624196,-4195.624195624196,2025-11-14,2026-07-16,0.6680355920602327,-55.70451656103308
VSTTILLERS,1,-1482.2546972860125,-1482.2546972860125,2026-03-10,2026-05-20,0.1943874058863792,-56.1908846924869
BAJAJELEC,1,-768.3352735739234,-768.3352735739234,2025-12-09,2026-01-13,0.09582477754962354,-56.5817569842678
VEEDOL,1,-1204.4714698114362,-1204.4714698114362,2025-11-25,2026-01-20,0.15331964407939766,-56.702933985801685
TOP10ADD,1,-1312.7842344618505,-1312.7842344618505,2026-01-12,2026-03-13,0.16427104722792607,-57.54432961466879
PARADEEP,1,-1205.9085699732584,-1205.9085699732584,2025-11-24,2026-01-16,0.14510609171800137,-58.75307391054151
VAKRANGEE,1,-933.5038363171361,-933.5038363171361,2025-12-09,2026-01-16,0.10403832991101986,-61.013430522289184
VCL,1,-2720.588235294118,-2720.588235294118,2026-03-25,2026-07-21,0.32306639288158795,-62.57677085293687
BABAFP-SM,1,-3280.0,-3280.0,2025-09-09,2026-02-02,0.3997262149212868,-63.0063160359616
KHAICHEM-BE,1,-4774.423888347939,-4774.423888347939,2025-11-19,2026-07-15,0.6516084873374401,-63.065628973488685
ORIENTPPR,1,-1686.0465116279067,-1686.0465116279067,2025-11-17,2026-01-20,0.17522245037645448,-65.13903431904787
ALANKIT,1,-1734.154929577464,-1734.154929577464,2025-11-17,2026-01-20,0.17522245037645448,-66.27470065629298
C2C-SM,1,-4915.141746468191,-4915.141746468191,2025-12-11,2026-07-21,0.6078028747433265,-67.13381271392495
AGARIND,1,-2433.1567466500474,-2433.1567466500474,2025-11-17,2026-02-16,0.24914442162902123,-67.34154076965342
BAJAJHCARE,1,-1211.5014436958618,-1211.5014436958618,2025-12-09,2026-01-20,0.11498973305954825,-67.47194688387526
CGRAPHICS-SM,1,-1319.5825049701782,-1319.5825049701782,2025-11-25,2026-01-06,0.11498973305954825,-70.79058655113515
DHANLAXMI-SM,1,-1204.8192771084337,-1204.8192771084337,2025-10-08,2025-11-14,0.10130047912388775,-71.84176405033702
HOMESFY-SM,1,-4587.173955677584,-4587.173955677584,2025-09-17,2026-03-09,0.4736481861738535,-72.63560885265733
JISLDVREQS,1,-2338.000651253663,-2338.000651253663,2025-11-13,2026-01-27,0.2053388090349076,-72.6633004701753
EMKAYTOOLS-SM,1,-3845.59092572265,-3845.59092572265,2025-11-17,2026-03-30,0.36413415468856947,-73.63334589639334
FLEXITUFF-BE,1,-5589.519650655023,-5589.519650655023,2025-11-24,2026-06-25,0.5831622176591376,-75.43207868840487
IEML-SM,1,-4685.0598646538265,-4685.0598646538265,2025-12-09,2026-05-19,0.4407939767282683,-76.16273570753788
GENESYS,1,-2069.12495665241,-2069.12495665241,2025-11-18,2026-01-16,0.16153319644079397,-76.19164457220484
ARIHANTCAP,1,-1581.2373978563096,-1581.2373978563096,2025-12-09,2026-01-20,0.11498973305954825,-77.61655854856845
SKP-SM,1,-873.9189804278558,-873.9189804278558,2025-11-06,2025-11-27,0.057494866529774126,-79.61874831526129
HGINFRA,1,-855.2517985611506,-855.2517985611506,2025-11-18,2025-12-08,0.05475701574264202,-80.46114469070287
EFORCE-SM,1,-3014.285714285714,-3014.285714285714,2025-12-15,2026-03-04,0.216290212183436,-80.9576062854815
COOLCAPS-ST,1,-2987.2739450770264,-2987.2739450770264,2025-11-20,2026-01-29,0.19164955509924708,-84.30144335270435
SHKSIL-SM,1,-2741.6666666666674,-2741.6666666666674,2025-12-03,2026-02-04,0.17248459958932238,-84.39781537723626
ADSL,1,-1630.9431021044436,-1630.9431021044436,2025-12-08,2026-01-12,0.09582477754962354,-84.40180806578762
NIITMTS,1,-3673.4693877551017,-3673.4693877551017,2026-02-13,2026-05-14,0.2464065708418891,-84.40218436545516
GODFRYPHLP,1,-2045.494009376628,-2045.494009376628,2025-11-18,2026-01-01,0.12046543463381246,-85.03844510370234
MIEL-SM,1,-1715.686274509804,-1715.686274509804,2025-12-08,2026-01-12,0.09582477754962354,-85.97352385745954
VSCL-ST,1,-1786.1205915813428,-1786.1205915813428,2024-12-18,2025-01-23,0.09856262833675565,-86.41619238876113
HINDCON-BE,1,-3474.329996771068,-3474.329996771068,2025-11-14,2026-01-21,0.1861738535249829,-89.9006951498617
KCK-SM,1,-5785.714285714285,-5785.714285714285,2025-11-13,2026-03-30,0.3750855578370979,-90.01168555621116
NEPHROCARE-ST,1,-3822.843822843822,-3822.843822843822,2025-12-04,2026-02-17,0.2053388090349076,-90.42496449301105
PRLIND-SM,1,-2702.535559678416,-2702.535559678416,2025-12-09,2026-01-27,0.13415468856947296,-90.44847263117445
LFIC,1,-1276.352993700084,-1276.352993700084,2025-11-14,2025-12-05,0.057494866529774126,-90.69813041763909
RAMASTEEL-BE,1,-2104.712041884817,-2104.712041884817,2025-12-18,2026-01-21,0.09308692676249145,-92.10303213366629
NEWGEN,1,-2561.8416380636754,-2561.8416380636754,2025-12-09,2026-01-20,0.11498973305954825,-92.37555545421424
FSL,1,-2108.51975249881,-2108.51975249881,2026-01-13,2026-02-13,0.08487337440109514,-93.8582151520561
SIGACHI-BE,1,-2877.761413843889,-2877.761413843889,2025-12-08,2026-01-20,0.11772758384668036,-94.40116997512735
FINOPB,1,-4089.646464646464,-4089.646464646464,2026-01-09,2026-03-16,0.1806981519507187,-94.55386850943222
ICICIPRULI,1,-1510.1877746703954,-1510.1877746703954,2026-03-04,2026-03-23,0.05201916495550993,-95.70306053899962
GANESHIN-ST,1,-2373.2345450335724,-2373.2345450335724,2025-11-26,2025-12-26,0.08213552361396304,-96.3060223979669
BHARATRAS,1,-2697.493517718237,-2697.493517718237,2025-12-17,2026-01-20,0.09308692676249145,-96.58549810815458
KAYNES,1,-3987.6816171825644,-3987.6816171825644,2025-11-14,2025-12-08,0.06570841889117043,-99.95661945634065
3PLAND,1,32.696177062374886,32.696177062374886,2025-11-17,2025-11-24,0.019164955509924708,
AAKAAR-SM,1,-441.2641621943934,-441.2641621943934,2025-11-06,2025-11-10,0.010951403148528405,
ABSLLIQUID,1,0.09999999999990905,0.09999999999990905,2026-04-06,2026-04-07,0.0027378507871321013,
ACCPL-ST,1,494.75262368815544,494.75262368815544,2026-04-01,2026-04-02,0.0027378507871321013,
ACL,1,688.9414547604962,688.9414547604962,2025-12-22,2026-01-09,0.049281314168377825,
ACUTAAS,1,783.1513260530422,783.1513260530422,2026-01-21,2026-01-27,0.01642710472279261,
AGARWALFT-ST,1,-819.6721311475409,-819.6721311475409,2025-10-20,2025-10-27,0.019164955509924708,
AHLUCONT,1,1133.038448451854,1133.038448451854,2025-11-13,2025-11-17,0.010951403148528405,
AIMTRON-SM,1,1469.9058277603374,1469.9058277603374,2026-01-22,2026-02-04,0.03559206023271732,
AMAGI,1,1358.525921299188,1358.525921299188,2026-04-07,2026-04-16,0.024640657084188913,
AMBANIORGO-SM,1,622.876557191393,622.876557191393,2024-10-11,2024-10-16,0.013689253935660506,
AMCL-SM,1,977.7102330293815,977.7102330293815,2026-02-03,2026-02-16,0.03559206023271732,
AMRUTANJAN,1,-50.912793657720556,-50.912793657720556,2025-12-12,2025-12-19,0.019164955509924708,
APLAPOLLO,1,1087.2999157540005,1087.2999157540005,2026-04-02,2026-04-17,0.04106776180698152,
APLLTD,1,-447.65180131927656,-447.65180131927656,2025-12-09,2025-12-16,0.019164955509924708,
ARFIN,1,785.5477855477866,785.5477855477866,2026-06-30,2026-07-02,0.0054757015742642025,
ARKADE,1,-402.589395807645,-402.589395807645,2025-11-24,2025-12-09,0.04106776180698152,
AUROIMPEX-SM,1,-1060.2678571428573,-1060.2678571428573,2025-11-14,2025-11-18,0.010951403148528405,
AUSOMENT-BE,1,106.46766169154161,106.46766169154161,2025-11-14,2025-11-17,0.008213552361396304,
AVANTIFEED,1,447.33141364762577,447.33141364762577,2026-01-21,2026-02-01,0.030116358658453114,
AVONMORE,1,1028.7081339712934,1028.7081339712934,2025-12-09,2025-12-22,0.03559206023271732,
AXITA,1,1420.8389715832204,1420.8389715832204,2025-11-14,2025-11-26,0.03285420944558522,
BAGFILMS,1,570.1078582434516,570.1078582434516,2025-11-27,2025-11-28,0.0027378507871321013,
BAJAJCON,1,1998.3835118205695,1998.3835118205695,2026-01-21,2026-01-22,0.0027378507871321013,
BAJAJHFL,1,-882.4358612912321,-882.4358612912321,2025-11-20,2025-12-02,0.03285420944558522,
BALAJEE,1,-562.8616517622305,-562.8616517622305,2026-01-16,2026-01-20,0.010951403148528405,
BALKRISIND,1,1212.3986398116656,1212.3986398116656,2026-02-02,2026-02-03,0.0027378507871321013,
BANKBARODA,1,202.98948145414286,202.98948145414286,2026-02-01,2026-02-03,0.0054757015742642025,
BESTAGRO,1,1666.6666666666663,1666.6666666666663,2025-11-13,2025-11-26,0.03559206023271732,
BIKAJI,1,424.90685010031666,424.90685010031666,2025-12-03,2025-12-10,0.019164955509924708,
BPCL,1,295.1921671781389,295.1921671781389,2026-01-21,2026-01-28,0.019164955509924708,
BRACEPORT-SM,1,1114.1868512110723,1114.1868512110723,2025-10-20,2025-11-04,0.04106776180698152,
BROOKS-BE,1,-1832.927818329279,-1832.927818329279,2025-12-26,2025-12-30,0.010951403148528405,
BSE,1,1096.5439664869489,1096.5439664869489,2026-02-01,2026-02-03,0.0054757015742642025,
BULKCORP-SM,1,1806.6157760814233,1806.6157760814233,2025-07-11,2025-07-17,0.01642710472279261,
CBAZAAR-ST,1,1617.6470588235304,1617.6470588235304,2025-11-06,2025-11-21,0.04106776180698152,
CHANDAN-SM,1,1285.034373347437,1285.034373347437,2025-12-18,2025-12-24,0.01642710472279261,
COALINDIA,1,-111.21909081092828,-111.21909081092828,2026-05-27,2026-05-29,0.0054757015742642025,
CORONA,1,114.10145107280226,114.10145107280226,2026-04-21,2026-04-22,0.0027378507871321013,
CPPLUS,1,753.7906137184123,753.7906137184123,2026-01-19,2026-02-03,0.04106776180698152,
CSBBANK,1,760.6296895689264,760.6296895689264,2026-06-30,2026-07-15,0.04106776180698152,
CUBEXTUB,1,967.2424061941621,967.2424061941621,2025-11-24,2025-11-27,0.008213552361396304,
CUMMINSIND,1,255.53914327917326,255.53914327917326,2026-01-16,2026-02-03,0.049281314168377825,
CUPID,1,749.20634920635,749.20634920635,2026-03-16,2026-03-27,0.030116358658453114,
DALBHARAT,1,313.3903133903136,313.3903133903136,2026-02-01,2026-02-02,0.0027378507871321013,
DELPHIFX-BE,1,943.6435124508516,943.6435124508516,2026-02-03,2026-02-13,0.02737850787132101,
DEVIT,1,364.75725661443664,364.75725661443664,2025-12-22,2025-12-23,0.0027378507871321013,
DIVGIITTS,1,280.34216989921157,280.34216989921157,2025-11-28,2025-12-04,0.01642710472279261,
DRSDILIP-SM,1,714.2857142857142,714.2857142857142,2023-03-09,2023-03-13,0.010951403148528405,
DYNAMATECH,1,1475.7911489257513,1475.7911489257513,2026-01-28,2026-02-09,0.03285420944558522,
ECLERX,1,769.5492180312797,769.5492180312797,2026-01-22,2026-01-29,0.019164955509924708,
ECOSMOBLTY-BE,1,1777.9685264663804,1777.9685264663804,2026-01-20,2026-02-05,0.04380561259411362,
EFACTOR-SM,1,293.7499999999993,293.7499999999993,2026-01-12,2026-01-13,0.0027378507871321013,
ENVIRO-SM,1,-1330.7719175689845,-1330.7719175689845,2025-11-14,2025-11-24,0.02737850787132101,
ESABINDIA,1,565.9003831417617,565.9003831417617,2026-03-24,2026-04-10,0.04654346338124572,
ESSARSHPNG,1,1137.8002528445002,1137.8002528445002,2026-01-22,2026-02-01,0.02737850787132101,
FEDERALBNK,1,965.6900539707021,965.6900539707021,2026-03-30,2026-04-08,0.024640657084188913,
FELDVR-BZ,1,61.53846153846159,61.53846153846159,2025-11-12,2025-11-18,0.01642710472279261,
FMCGIETF,1,66.99879745748163,66.99879745748163,2025-12-10,2025-12-12,0.0054757015742642025,
FMNL-BE,1,527.704485488127,527.704485488127,2026-03-24,2026-04-06,0.03559206023271732,
GAEL,1,474.0354376006755,474.0354376006755,2026-03-12,2026-03-18,0.01642710472279261,
GCHOTELS-ST,1,1024.9999999999993,1024.9999999999993,2025-11-14,2025-11-18,0.010951403148528405,
GCSL,1,1473.5099337748345,1473.5099337748345,2026-01-28,2026-02-06,0.024640657084188913,
GGBL-SM,1,-1046.0081190798371,-1046.0081190798371,2025-12-03,2025-12-08,0.013689253935660506,
GHCL,1,885.3318864170745,885.3318864170745,2025-11-26,2025-12-03,0.019164955509924708,
GLENMARK,1,176.00499895855006,176.00499895855006,2026-02-02,2026-02-03,0.0027378507871321013,
GLOBAL,1,943.1541126652115,943.1541126652115,2026-01-29,2026-02-01,0.008213552361396304,
GLOBECIVIL-BE,1,1492.0382165605104,1492.0382165605104,2025-11-25,2025-11-26,0.0027378507871321013,
GOLDADD,1,571.3023632481771,571.3023632481771,2026-03-24,2026-03-30,0.01642710472279261,
GOLDBND,1,685.8248530887216,685.8248530887216,2026-03-24,2026-04-02,0.024640657084188913,
GOYALSALT-SM,1,670.5882352941179,670.5882352941179,2025-11-25,2025-11-28,0.008213552361396304,
GPIL,1,203.05589063128315,203.05589063128315,2026-03-09,2026-03-11,0.0054757015742642025,
GROWWCHEM,1,552.0751761942053,552.0751761942053,2026-04-01,2026-04-13,0.03285420944558522,
GUJRAFFIA,1,-179.13593256059002,-179.13593256059002,2026-05-19,2026-05-20,0.0027378507871321013,
GVPIL,1,1435.8434263647523,1435.8434263647523,2026-01-22,2026-02-03,0.03285420944558522,
HAPPSTMNDS,1,-612.8565522943371,-612.8565522943371,2025-12-17,2025-12-30,0.03559206023271732,
HARDWYN,1,810.1265822784795,810.1265822784795,2026-01-27,2026-02-06,0.02737850787132101,
HCLTECH,1,-898.3845110371195,-898.3845110371195,2026-02-04,2026-02-12,0.02190280629705681,
HDFCGROWTH,1,126.89348877785663,126.89348877785663,2026-01-27,2026-02-03,0.019164955509924708,
HEXT,1,404.98888968532725,404.98888968532725,2026-01-30,2026-02-03,0.010951403148528405,
HILTON-BE,1,173.68266117162304,173.68266117162304,2025-12-08,2025-12-18,0.02737850787132101,
HINDALCO,1,676.9124503539983,676.9124503539983,2026-03-25,2026-04-06,0.03285420944558522,
HINDPETRO,1,402.76976341604126,402.76976341604126,2026-01-28,2026-02-03,0.01642710472279261,
HINDWAREAP,1,565.8056580565816,565.8056580565816,2025-11-20,2025-11-21,0.0027378507871321013,
HOACFOODS-ST,1,866.666666666667,866.666666666667,2026-01-21,2026-02-03,0.03559206023271732,
HUBTOWN,1,-1176.161262050833,-1176.161262050833,2025-12-08,2025-12-10,0.0054757015742642025,
ICICIAMC,1,1189.4584247109985,1189.4584247109985,2026-03-23,2026-04-07,0.04106776180698152,
IEX,1,983.3037825059081,983.3037825059081,2025-12-26,2026-01-06,0.030116358658453114,
IGL,1,-451.33784181123235,-451.33784181123235,2025-11-20,2025-11-25,0.013689253935660506,
IMFA,1,1670.7811673426204,1670.7811673426204,2026-01-27,2026-02-04,0.02190280629705681,
INDIASHLTR,1,466.4757116969659,466.4757116969659,2025-11-13,2025-11-17,0.010951403148528405,
INDOBORAX,1,38.1336922386718,38.1336922386718,2026-03-30,2026-04-01,0.0054757015742642025,
INFOLLION-SM,1,178.01047120418878,178.01047120418878,2026-01-05,2026-01-06,0.0027378507871321013,
INM-SM,1,324.7863247863248,324.7863247863248,2025-11-12,2025-11-13,0.0027378507871321013,
IOC,1,235.39115538354034,235.39115538354034,2026-01-09,2026-01-16,0.019164955509924708,
ISHAN-SM,1,588.2352941176476,588.2352941176476,2025-10-30,2025-11-03,0.010951403148528405,
JAINREC,1,488.03068377198747,488.03068377198747,2026-02-16,2026-03-02,0.038329911019849415,
JAMNAAUTO,1,1195.4356094910345,1195.4356094910345,2026-05-18,2026-05-26,0.02190280629705681,
JAYBARMARU,1,1482.843137254903,1482.843137254903,2025-12-08,2025-12-23,0.04106776180698152,
JAYNECOIND,1,755.4701360141927,755.4701360141927,2025-12-08,2025-12-12,0.010951403148528405,
JEYYAM-ST,1,-1159.7729115977288,-1159.7729115977288,2025-12-26,2026-01-05,0.02737850787132101,
JINDALSAW,1,1083.0191011930506,1083.0191011930506,2026-01-12,2026-01-19,0.019164955509924708,
JUBLFOOD,1,-405.22989003377074,-405.22989003377074,2025-12-15,2025-12-17,0.0054757015742642025,
JYOTHYLAB,1,-301.9363308171969,-301.9363308171969,2025-11-24,2025-12-01,0.019164955509924708,
JYOTISTRUC,1,1664.8044692737435,1664.8044692737435,2026-01-22,2026-02-04,0.03559206023271732,
KCP,1,-460.31746031746076,-460.31746031746076,2025-11-13,2025-11-14,0.0027378507871321013,
KEI,1,1085.7258903866164,1085.7258903866164,2026-01-21,2026-02-03,0.03559206023271732,
KFINTECH,1,598.3070411696812,598.3070411696812,2025-12-09,2025-12-23,0.038329911019849415,
KTKBANK,1,1094.6992921241856,1094.6992921241856,2026-02-02,2026-02-04,0.0054757015742642025,
LAMBODHARA,1,-365.6080557707203,-365.6080557707203,2025-12-03,2025-12-05,0.0054757015742642025,
LANDSMILL,1,2268.9075630252105,2268.9075630252105,2025-12-15,2025-12-23,0.02190280629705681,
LAURUSLABS,1,875.3079301850202,875.3079301850202,2026-02-02,2026-02-18,0.04380561259411362,
LAXMIDENTL,1,-1558.4195353569617,-1558.4195353569617,2025-11-20,2025-12-03,0.03559206023271732,
LENSKART,1,189.0648952478283,189.0648952478283,2026-05-08,2026-05-21,0.03559206023271732,
LGBBROSLTD,1,583.0419079286822,583.0419079286822,2026-01-22,2026-02-03,0.03285420944558522,
LIQUIDBETF,1,1.1281588447643167,1.1281588447643167,2026-01-02,2026-01-05,0.008213552361396304,
LIQUIDPLUS,1,1.4668402427628104,1.4668402427628104,2026-06-19,2026-06-22,0.008213552361396304,
LTM,1,387.57700205338807,387.57700205338807,2026-01-21,2026-02-01,0.030116358658453114,
LUMAXTECH,1,1276.7527675276751,1276.7527675276751,2026-01-27,2026-02-04,0.02190280629705681,
MAITREYA-SM,1,1528.9870460819707,1528.9870460819707,2025-11-03,2025-11-12,0.024640657084188913,
MANGALAM,1,-2198.5472154963686,-2198.5472154963686,2025-11-13,2025-11-20,0.019164955509924708,
MANGLMCEM,1,472.95383743981836,472.95383743981836,2025-11-28,2025-12-02,0.010951403148528405,
MAPMYINDIA,1,-791.1016684371674,-791.1016684371674,2026-01-09,2026-01-16,0.019164955509924708,
MARICO,1,144.65669988925868,144.65669988925868,2026-02-02,2026-02-03,0.0027378507871321013,
MARUTI,1,-625.12121016226,-625.12121016226,2026-01-23,2026-01-29,0.01642710472279261,
MAYASHEEL-SM,1,-1663.7931034482756,-1663.7931034482756,2026-01-16,2026-02-02,0.04654346338124572,
MBAPL,1,154.41630636195183,154.41630636195183,2026-01-21,2026-01-22,0.0027378507871321013,
MCL,1,365.0904033379684,365.0904033379684,2026-06-10,2026-06-15,0.013689253935660506,
MDL-ST,1,177.63845350052276,177.63845350052276,2025-09-05,2025-09-08,0.008213552361396304,
MHRIL,1,678.9137380191693,678.9137380191693,2025-11-14,2025-11-20,0.01642710472279261,
MINDPOOL-SM,1,3722.0602526724956,3722.0602526724956,2025-06-20,2025-07-03,0.03559206023271732,
MMFL,1,755.7421585576692,755.7421585576692,2026-04-01,2026-04-08,0.019164955509924708,
MOGOLD,1,702.389572773354,702.389572773354,2026-03-24,2026-04-10,0.04654346338124572,
MONOPHARMA-SM,1,255.31914893617082,255.31914893617082,2025-09-10,2025-09-12,0.0054757015742642025,
MOTHERSON,1,1062.2777423178618,1062.2777423178618,2026-01-21,2026-02-03,0.03559206023271732,
MOTOUR,1,-351.4413690134361,-351.4413690134361,2025-12-05,2025-12-08,0.008213552361396304,
MURUDCERA,1,-982.3427008206921,-982.3427008206921,2025-11-13,2025-11-21,0.02190280629705681,
MUTHOOTFIN,1,711.329396832405,711.329396832405,2026-02-03,2026-02-10,0.019164955509924708,
NAMAN-SM,1,-1385.5035279025012,-1385.5035279025012,2025-11-06,2025-11-12,0.01642710472279261,
NATCOPHARM,1,544.9216413446593,544.9216413446593,2026-01-30,2026-02-16,0.04654346338124572,
NECLIFE-BE,1,2192.622950819673,2192.622950819673,2026-04-01,2026-04-13,0.03285420944558522,
NEXT50ETF,1,884.5601149608812,884.5601149608812,2026-04-01,2026-04-10,0.024640657084188913,
NIDAN-SM,1,-134.77088948787062,-134.77088948787062,2025-11-24,2025-11-25,0.0027378507871321013,
NIRMAN-SM,1,2188.09980806142,2188.09980806142,2026-01-19,2026-02-06,0.049281314168377825,
NMSTEEL-SM,1,-92.59259259259171,-92.59259259259171,2025-10-31,2025-11-12,0.03285420944558522,
NOVARTIND,1,-446.49446494464945,-446.49446494464945,2023-10-20,2023-10-25,0.013689253935660506,
ONELIFECAP-BE,1,1561.5615615615616,1561.5615615615616,2026-02-10,2026-02-13,0.008213552361396304,
ONGC,1,166.0839160839153,166.0839160839153,2025-12-22,2026-01-05,0.038329911019849415,
ONYX-ST,1,-1626.2975778546722,-1626.2975778546722,2025-10-13,2025-10-20,0.019164955509924708,
ORIENTALTL,1,-938.1663113006404,-938.1663113006404,2025-11-13,2025-11-20,0.019164955509924708,
ORIENTCER,1,1645.3859547301222,1645.3859547301222,2026-03-30,2026-04-07,0.02190280629705681,
ORIENTELEC,1,-475.80847330157843,-475.80847330157843,2025-11-25,2025-11-26,0.0027378507871321013,
ORIENTLTD,1,99.95124329595235,99.95124329595235,2025-11-14,2025-11-26,0.03285420944558522,
ORISSAMINE,1,1140.8710763549468,1140.8710763549468,2025-12-09,2025-12-26,0.04654346338124572,
PARIN-SM,1,566.9679539852095,566.9679539852095,2026-03-23,2026-04-08,0.04380561259411362,
PCCL-SM,1,514.3853530950302,514.3853530950302,2025-11-13,2025-11-14,0.0027378507871321013,
PENINLAND-BE,1,-1497.2101673899563,-1497.2101673899563,2025-11-13,2025-11-24,0.030116358658453114,
PGIL,1,1060.5223158767444,1060.5223158767444,2026-01-21,2026-02-01,0.030116358658453114,
PIRAMALFIN,1,813.4337136807432,813.4337136807432,2026-04-16,2026-04-22,0.01642710472279261,
PRAXIS-BE,1,-1927.0833333333323,-1927.0833333333323,2025-11-17,2025-11-25,0.02190280629705681,
PRECWIRE,1,1317.0509016206342,1317.0509016206342,2026-01-21,2026-01-28,0.019164955509924708,
PRITI-BE,1,559.071729957805,559.071729957805,2025-11-27,2025-11-28,0.0027378507871321013,
PURVFLEXI-ST,1,-813.953488372093,-813.953488372093,2025-12-24,2025-12-30,0.01642710472279261,
QUADPRO-SM,1,1935.4838709677422,1935.4838709677422,2025-06-06,2025-06-16,0.02737850787132101,
QUICKHEAL-BE,1,349.63859472180314,349.63859472180314,2025-11-25,2025-12-01,0.01642710472279261,
RACLGEAR,1,160.7684529828107,160.7684529828107,2026-01-22,2026-01-27,0.013689253935660506,
RADIANTCMS,1,-365.2343750000009,-365.2343750000009,2025-12-30,2026-01-16,0.04654346338124572,
RAMCOCEM,1,308.0689584820978,308.0689584820978,2025-11-14,2025-11-21,0.019164955509924708,
RAYMONDLSL,1,277.463686179002,277.463686179002,2025-12-09,2025-12-10,0.0027378507871321013,
RBLBANK,1,243.69747899159665,243.69747899159665,2026-01-21,2026-02-03,0.03559206023271732,
REFRACTORY-SM,1,329.08704883227114,329.08704883227114,2026-01-14,2026-01-22,0.02190280629705681,
RELCHEMQ,1,-456.33659590695356,-456.33659590695356,2025-11-14,2025-11-17,0.008213552361396304,
RELIANCE,1,-418.22002304616046,-418.22002304616046,2026-01-09,2026-01-19,0.02737850787132101,
RKEC,1,-1230.183893468611,-1230.183893468611,2025-11-13,2025-11-18,0.013689253935660506,
RNBDENIMS,1,604.583130180399,604.583130180399,2025-12-17,2025-12-26,0.024640657084188913,
ROLEXRINGS,1,1858.279796720682,1858.279796720682,2025-11-25,2025-12-08,0.03559206023271732,
ROSSTECH,1,1285.3753601084566,1285.3753601084566,2026-01-12,2026-01-28,0.04380561259411362,
ROUTE,1,-1157.5463711229113,-1157.5463711229113,2026-01-13,2026-01-27,0.038329911019849415,
RVHL,1,91.17432530999271,91.17432530999271,2025-12-09,2025-12-10,0.0027378507871321013,
RVNL,1,825.3296434966636,825.3296434966636,2025-12-08,2025-12-22,0.038329911019849415,
SAAKSHI-ST,1,482.3247453564999,482.3247453564999,2026-01-12,2026-01-13,0.0027378507871321013,
SAGILITY,1,276.6308835673005,276.6308835673005,2026-02-01,2026-02-03,0.0054757015742642025,
SAIFL-SM,1,2111.1111111111113,2111.1111111111113,2026-03-24,2026-04-07,0.038329911019849415,
SAILIFE,1,818.3523999757887,818.3523999757887,2026-01-22,2026-02-09,0.049281314168377825,
SALASAR,1,1168.3417085427143,1168.3417085427143,2026-01-28,2026-02-11,0.038329911019849415,
SAMMAANCAP,1,604.2884990253415,604.2884990253415,2026-03-24,2026-03-25,0.0027378507871321013,
SBC,1,150.98314606741562,150.98314606741562,2026-02-02,2026-02-03,0.0027378507871321013,
SBILIFE,1,29.05374943645722,29.05374943645722,2026-01-29,2026-02-03,0.013689253935660506,
SCPL,1,2663.2504348643693,2663.2504348643693,2025-11-28,2025-12-10,0.03285420944558522,
SELECTIPO,1,39.58333333333286,39.58333333333286,2025-11-24,2025-12-01,0.019164955509924708,
SHANTI,1,292.39766081871346,292.39766081871346,2026-01-07,2026-01-09,0.0054757015742642025,
SHIVAMAUTO-BE,1,-1176.6945925361765,-1176.6945925361765,2025-12-09,2025-12-26,0.04654346338124572,
SHRIPISTON,1,50.07511266900351,50.07511266900351,2025-11-24,2025-12-03,0.024640657084188913,
SHUBHLAXMI-SM,1,1182.7956989247316,1182.7956989247316,2025-10-27,2025-10-31,0.010951403148528405,
SIDDHIKA-SM,1,496.0422163588393,496.0422163588393,2025-10-06,2025-10-09,0.008213552361396304,
SMVD-SM,1,4861.878453038672,4861.878453038672,2025-01-17,2025-02-01,0.04106776180698152,
SOLARWORLD,1,380.26340196624,380.26340196624,2025-12-19,2025-12-29,0.02737850787132101,
SONACOMS,1,566.4464421098241,566.4464421098241,2026-01-14,2026-01-27,0.03559206023271732,
SONAMAC-SM,1,-1174.7430249632882,-1174.7430249632882,2025-11-14,2025-11-17,0.008213552361396304,
SONAMLTD,1,482.1958456973301,482.1958456973301,2026-01-28,2026-02-09,0.03285420944558522,
SONATSOFTW,1,328.8724373576313,328.8724373576313,2025-12-11,2025-12-23,0.03285420944558522,
STEL,1,1002.1811502697733,1002.1811502697733,2026-01-22,2026-01-29,0.019164955509924708,
SUNDARMFIN,1,-672.91396670322,-672.91396670322,2026-03-17,2026-03-20,0.008213552361396304,
SUNLITE-ST,1,1862.6847290640394,1862.6847290640394,2026-03-18,2026-03-24,0.01642710472279261,
SUNTECH-ST,1,1431.818181818181,1431.818181818181,2025-11-28,2025-12-12,0.038329911019849415,
SYLVANPLY-SM,1,-833.3333333333333,-833.3333333333333,2025-08-08,2025-08-13,0.013689253935660506,
SYNGENE,1,-333.3865050247245,-333.3865050247245,2026-01-09,2026-01-20,0.030116358658453114,
SYNOPTICS-ST,1,2959.805115712547,2959.805115712547,2026-04-01,2026-04-16,0.04106776180698152,
TAKE,1,1453.133666112034,1453.133666112034,2026-03-09,2026-03-13,0.010951403148528405,
TARC,1,1442.4908424908422,1442.4908424908422,2025-11-19,2025-12-01,0.03285420944558522,
TATASTEEL,1,655.8589656660306,655.8589656660306,2025-12-10,2025-12-15,0.013689253935660506,
TDPOWERSYS,1,1486.380097622421,1486.380097622421,2026-01-21,2026-01-30,0.024640657084188913,
THANGAMAYL,1,874.1765879011293,874.1765879011293,2026-03-24,2026-03-25,0.0027378507871321013,
TITAN,1,511.9698957740207,511.9698957740207,2026-03-25,2026-04-06,0.03285420944558522,
TNIDETF,1,-84.64834360957282,-84.64834360957282,2026-01-22,2026-02-03,0.03285420944558522,
TOKYOPLAST-BE,1,-1154.9671080023318,-1154.9671080023318,2025-11-26,2025-12-08,0.03285420944558522,
TORNTPOWER,1,64.10757563912162,64.10757563912162,2025-12-19,2025-12-22,0.008213552361396304,
TRANSWIND-SM,1,2659.279778393352,2659.279778393352,2024-08-12,2024-08-23,0.030116358658453114,
TWCGOLDETF,1,693.7747391147907,693.7747391147907,2026-03-24,2026-04-10,0.04654346338124572,
UGROCAP,1,-1064.1618150171068,-1064.1618150171068,2026-01-07,2026-01-20,0.03559206023271732,
UMAEXPORTS-BE,1,-161.694374857662,-161.694374857662,2025-11-13,2025-11-17,0.010951403148528405,
UMA-SM,1,-1004.5662100456619,-1004.5662100456619,2025-11-26,2025-11-28,0.0054757015742642025,
UNIPARTS,1,1522.5806451612898,1522.5806451612898,2026-01-28,2026-02-03,0.01642710472279261,
VAL30IETF,1,750.1720578114246,750.1720578114246,2026-03-24,2026-04-10,0.04654346338124572,
VDEAL-SM,1,1800.0000000000002,1800.0000000000002,2025-11-18,2025-11-19,0.0027378507871321013,
VENTIVE,1,341.3582464965864,341.3582464965864,2025-12-19,2025-12-24,0.013689253935660506,
VENUSREM-BE,1,1195.7648452539613,1195.7648452539613,2026-03-04,2026-03-09,0.013689253935660506,
VIAZ-SM,1,709.7361237488623,709.7361237488623,2025-07-07,2025-07-17,0.02737850787132101,
VIJAYPD-SM,1,1504.424778761063,1504.424778761063,2026-01-20,2026-01-30,0.02737850787132101,
VIKRAMSOLR,1,-856.4776317977716,-856.4776317977716,2025-11-20,2025-11-24,0.010951403148528405,
VIKRAN,1,647.8545761995344,647.8545761995344,2025-12-09,2025-12-26,0.04654346338124572,
VISAMAN-SM,1,2183.0314585319343,2183.0314585319343,2026-03-27,2026-04-09,0.03559206023271732,
VLSFINANCE,1,1999.9048796727866,1999.9048796727866,2025-11-14,2025-11-17,0.008213552361396304,
WEL,1,-1124.2691140552151,-1124.2691140552151,2026-03-19,2026-03-27,0.02190280629705681,
WOL3D-ST,1,2161.469457496796,2161.469457496796,2025-10-27,2025-11-13,0.04654346338124572,
XELPMOC,1,-1363.1984585741814,-1363.1984585741814,2026-03-02,2026-03-12,0.02737850787132101,
ZEAL-SM,1,571.2979890310786,571.2979890310786,2025-10-23,2025-11-06,0.038329911019849415,
ZFCVINDIA,1,792.7927927927927,792.7927927927927,2026-03-23,2026-04-01,0.024640657084188913,
